Tm,Year,WR
HOU,2022,28.000000000000004
HOU,2021,23.6
HOU,2020,61.1
HOU,2019,64.60000000000001
HOU,2018,79.3
HOU,2017,67.10000000000001
HOU,2016,50.0
HOU,2015,68.30000000000001
HOU,2014,65.9
HOU,2013,54.900000000000006
HOU,2012,51.5
HOU,2011,52.400000000000006
HOU,2010,51.2
HOU,2009,64.60000000000001
HOU,2008,67.10000000000001
HOU,2007,63.4
HOU,2006,41.5
HOU,2005,62.2
HOU,2004,54.900000000000006
HOU,2003,52.400000000000006
HOU,2002,34.1
HOU,2001,54.900000000000006
HOU,2000,41.5
HOU,1999,62.0
HOU,1998,50.0
HOU,1997,69.5
HOU,1996,58.5
HOU,1995,57.3
HOU,1994,70.7
HOU,1993,67.10000000000001
HOU,1992,51.2
HOU,1991,63.4
HOU,1990,50.0
HOU,1989,54.900000000000006
HOU,1988,56.10000000000001
HOU,1987,51.2
HOU,1986,62.2
HOU,1985,58.5
HOU,1984,35.4
HOU,1983,17.1
HOU,1982,56.10000000000001
HOU,1981,48.8
HOU,1980,50.0
HOU,1979,57.3
HOU,1978,34.1
HOU,1977,59.8
HOU,1976,48.8
HOU,1975,50.0
HOU,1974,39.0
HOU,1973,40.2
HOU,1972,41.5
HOU,1971,48.8
HOU,1970,32.9
HOU,1969,45.1
HOU,1968,18.3
LAL,2022,47.1
LAL,2021,58.3
LAL,2020,73.2
LAL,2019,45.1
LAL,2018,42.7
LAL,2017,31.7
LAL,2016,20.7
LAL,2015,25.6
LAL,2014,32.9
LAL,2013,54.900000000000006
LAL,2012,62.1
LAL,2011,69.5
LAL,2010,69.5
LAL,2009,79.3
LAL,2008,69.5
LAL,2007,51.2
LAL,2006,54.900000000000006
LAL,2005,41.5
LAL,2004,68.30000000000001
LAL,2003,61.0
LAL,2002,70.7
LAL,2001,68.30000000000001
LAL,2000,81.69999999999999
LAL,1999,62.0
LAL,1998,74.4
LAL,1997,68.30000000000001
LAL,1996,64.60000000000001
LAL,1995,58.5
LAL,1994,40.2
LAL,1993,47.6
LAL,1992,52.400000000000006
LAL,1991,70.7
LAL,1990,76.8
LAL,1989,69.5
LAL,1988,75.6
LAL,1987,79.3
LAL,1986,75.6
LAL,1985,75.6
LAL,1984,65.9
LAL,1983,70.7
LAL,1982,69.5
LAL,1981,65.9
LAL,1980,73.2
LAL,1979,57.3
LAL,1978,54.900000000000006
LAL,1977,64.60000000000001
LAL,1976,48.8
LAL,1975,36.6
LAL,1974,57.3
LAL,1973,73.2
LAL,1972,84.1
LAL,1971,58.5
LAL,1970,56.10000000000001
LAL,1969,67.10000000000001
LAL,1968,63.4
LAL,1967,44.4
LAL,1966,56.3
LAL,1965,61.3
LAL,1964,52.5
LAL,1963,66.3
LAL,1962,67.5
LAL,1961,45.6
LAL,1960,33.300000000000004
LAL,1959,45.8
LAL,1958,26.4
LAL,1957,47.2
LAL,1956,45.8
LAL,1955,55.60000000000001
LAL,1954,63.9
LAL,1953,68.60000000000001
LAL,1952,60.6
LAL,1951,64.7
LAL,1950,75.0
LAL,1949,73.3
MIL,2022,59.6
MIL,2021,63.9
MIL,2020,76.7
MIL,2019,73.2
MIL,2018,53.7
MIL,2017,51.2
MIL,2016,40.2
MIL,2015,50.0
MIL,2014,18.3
MIL,2013,46.3
MIL,2012,47.0
MIL,2011,42.7
MIL,2010,56.10000000000001
MIL,2009,41.5
MIL,2008,31.7
MIL,2007,34.1
MIL,2006,48.8
MIL,2005,36.6
MIL,2004,50.0
MIL,2003,51.2
MIL,2002,50.0
MIL,2001,63.4
MIL,2000,51.2
MIL,1999,56.00000000000001
MIL,1998,43.9
MIL,1997,40.2
MIL,1996,30.5
MIL,1995,41.5
MIL,1994,24.4
MIL,1993,34.1
MIL,1992,37.8
MIL,1991,58.5
MIL,1990,53.7
MIL,1989,59.8
MIL,1988,51.2
MIL,1987,61.0
MIL,1986,69.5
MIL,1985,72.0
MIL,1984,61.0
MIL,1983,62.2
MIL,1982,67.10000000000001
MIL,1981,73.2
MIL,1980,59.8
MIL,1979,46.3
MIL,1978,53.7
MIL,1977,36.6
MIL,1976,46.3
MIL,1975,46.3
MIL,1974,72.0
MIL,1973,73.2
MIL,1972,76.8
MIL,1971,80.5
MIL,1970,68.30000000000001
MIL,1969,32.9
TOT,1946,48.0
TOT,1947,48.0
TOT,1948,48.0
TOT,1949,48.0
TOT,1950,48.0
TOT,1951,48.0
TOT,1952,48.0
TOT,1953,48.0
TOT,1954,48.0
TOT,1955,48.0
TOT,1956,48.0
TOT,1957,48.0
TOT,1958,48.0
TOT,1959,48.0
TOT,1960,48.0
TOT,1961,48.0
TOT,1962,48.0
TOT,1963,48.0
TOT,1964,48.0
TOT,1965,48.0
TOT,1966,48.0
TOT,1967,48.0
TOT,1968,48.0
TOT,1969,48.0
TOT,1970,48.0
TOT,1971,48.0
TOT,1972,48.0
TOT,1973,48.0
TOT,1974,48.0
TOT,1975,48.0
TOT,1976,48.0
TOT,1977,48.0
TOT,1978,48.0
TOT,1979,48.0
TOT,1980,48.0
TOT,1981,48.0
TOT,1982,48.0
TOT,1983,48.0
TOT,1984,48.0
TOT,1985,48.0
TOT,1986,48.0
TOT,1987,48.0
TOT,1988,48.0
TOT,1989,48.0
TOT,1990,48.0
TOT,1991,48.0
TOT,1992,48.0
TOT,1993,48.0
TOT,1994,48.0
TOT,1995,48.0
TOT,1996,48.0
TOT,1997,48.0
TOT,1998,48.0
TOT,1999,48.0
TOT,2000,48.0
TOT,2001,48.0
TOT,2002,48.0
TOT,2003,48.0
TOT,2004,48.0
TOT,2005,48.0
TOT,2006,48.0
TOT,2007,48.0
TOT,2008,48.0
TOT,2009,48.0
TOT,2010,48.0
TOT,2011,48.0
TOT,2012,48.0
TOT,2013,48.0
TOT,2014,48.0
TOT,2015,48.0
TOT,2016,48.0
TOT,2017,48.0
TOT,2018,48.0
TOT,2019,48.0
TOT,2020,48.0
TOT,2021,48.0
TOT,2022,48.0
GSW,2022,74.5
GSW,2021,54.2
GSW,2020,23.1
GSW,2019,69.5
GSW,2018,70.7
GSW,2017,81.69999999999999
GSW,2016,89.0
GSW,2015,81.69999999999999
GSW,2014,62.2
GSW,2013,57.3
GSW,2012,34.8
GSW,2011,43.9
GSW,2010,31.7
GSW,2009,35.4
GSW,2008,58.5
GSW,2007,51.2
GSW,2006,41.5
GSW,2005,41.5
GSW,2004,45.1
GSW,2003,46.3
GSW,2002,25.6
GSW,2001,20.7
GSW,2000,23.200000000000003
GSW,1999,42.0
GSW,1998,23.200000000000003
GSW,1997,36.6
GSW,1996,43.9
GSW,1995,31.7
GSW,1994,61.0
GSW,1993,41.5
GSW,1992,67.10000000000001
GSW,1991,53.7
GSW,1990,45.1
GSW,1989,52.400000000000006
GSW,1988,24.4
GSW,1987,51.2
GSW,1986,36.6
GSW,1985,26.8
GSW,1984,45.1
GSW,1983,36.6
GSW,1982,54.900000000000006
GSW,1981,47.6
GSW,1980,29.3
GSW,1979,46.3
GSW,1978,52.400000000000006
GSW,1977,56.10000000000001
GSW,1976,72.0
GSW,1975,58.5
GSW,1974,53.7
GSW,1973,57.3
GSW,1972,62.2
GSW,1971,50.0
GSW,1970,36.6
GSW,1969,50.0
GSW,1968,52.400000000000006
GSW,1967,54.3
GSW,1966,43.8
GSW,1965,21.3
GSW,1964,60.0
GSW,1963,38.8
GSW,1962,61.3
GSW,1961,58.2
GSW,1960,65.3
GSW,1959,44.4
GSW,1958,51.4
GSW,1957,51.4
GSW,1956,62.5
GSW,1955,45.8
GSW,1954,40.3
GSW,1953,17.4
GSW,1952,50.0
GSW,1951,60.6
GSW,1950,38.2
GSW,1949,46.7
GSW,1948,56.3
GSW,1947,58.3
SEA,2022,30.6
SEA,2021,30.6
SEA,2020,61.1
SEA,2019,59.8
SEA,2018,58.5
SEA,2017,57.3
SEA,2016,67.10000000000001
SEA,2015,54.900000000000006
SEA,2014,72.0
SEA,2013,73.2
SEA,2012,71.2
SEA,2011,67.10000000000001
SEA,2010,61.0
SEA,2009,28.000000000000004
SEA,2008,24.4
SEA,2007,37.8
SEA,2006,42.7
SEA,2005,63.4
SEA,2004,45.1
SEA,2003,48.8
SEA,2002,54.900000000000006
SEA,2001,53.7
SEA,2000,54.900000000000006
SEA,1999,50.0
SEA,1998,74.4
SEA,1997,69.5
SEA,1996,78.0
SEA,1995,69.5
SEA,1994,76.8
SEA,1993,67.10000000000001
SEA,1992,57.3
SEA,1991,50.0
SEA,1990,50.0
SEA,1989,57.3
SEA,1988,53.7
SEA,1987,47.6
SEA,1986,37.8
SEA,1985,37.8
SEA,1984,51.2
SEA,1983,58.5
SEA,1982,63.4
SEA,1981,41.5
SEA,1980,68.30000000000001
SEA,1979,63.4
SEA,1978,57.3
SEA,1977,48.8
SEA,1976,52.400000000000006
SEA,1975,52.400000000000006
SEA,1974,43.9
SEA,1973,31.7
SEA,1972,57.3
SEA,1971,46.3
SEA,1970,43.9
SEA,1969,36.6
SEA,1968,28.000000000000004
BUF,2022,49.1
BUF,2021,65.3
BUF,2020,68.10000000000001
BUF,2019,58.5
BUF,2018,51.2
BUF,2017,62.2
BUF,2016,64.60000000000001
BUF,2015,68.30000000000001
BUF,2014,69.5
BUF,2013,68.30000000000001
BUF,2012,60.6
BUF,2011,39.0
BUF,2010,35.4
BUF,2009,23.200000000000003
BUF,2008,28.000000000000004
BUF,2007,48.8
BUF,2006,57.3
BUF,2005,45.1
BUF,2004,34.1
BUF,2003,32.9
BUF,2002,47.6
BUF,2001,37.8
BUF,2000,18.3
BUF,1999,18.0
BUF,1998,20.7
BUF,1997,43.9
BUF,1996,35.4
BUF,1995,20.7
BUF,1994,32.9
BUF,1993,50.0
BUF,1992,54.900000000000006
BUF,1991,37.8
BUF,1990,36.6
BUF,1989,25.6
BUF,1988,20.7
BUF,1987,14.6
BUF,1986,39.0
BUF,1985,37.8
BUF,1984,36.6
BUF,1983,30.5
BUF,1982,20.7
BUF,1981,43.9
BUF,1980,42.7
BUF,1979,52.400000000000006
BUF,1978,32.9
BUF,1977,36.6
BUF,1976,56.10000000000001
BUF,1975,59.8
BUF,1974,51.2
BUF,1973,25.6
BUF,1972,26.8
BUF,1971,26.8
SYR,2022,62.0
SYR,2021,68.10000000000001
SYR,2020,58.9
SYR,2019,62.2
SYR,2018,63.4
SYR,2017,34.1
SYR,2016,12.2
SYR,2015,22.0
SYR,2014,23.200000000000003
SYR,2013,41.5
SYR,2012,53.0
SYR,2011,50.0
SYR,2010,32.9
SYR,2009,50.0
SYR,2008,48.8
SYR,2007,42.7
SYR,2006,46.3
SYR,2005,52.400000000000006
SYR,2004,40.2
SYR,2003,58.5
SYR,2002,52.400000000000006
SYR,2001,68.30000000000001
SYR,2000,59.8
SYR,1999,56.00000000000001
SYR,1998,37.8
SYR,1997,26.8
SYR,1996,22.0
SYR,1995,29.3
SYR,1994,30.5
SYR,1993,31.7
SYR,1992,42.7
SYR,1991,53.7
SYR,1990,64.60000000000001
SYR,1989,56.10000000000001
SYR,1988,43.9
SYR,1987,54.900000000000006
SYR,1986,65.9
SYR,1985,70.7
SYR,1984,63.4
SYR,1983,79.3
SYR,1982,70.7
SYR,1981,75.6
SYR,1980,72.0
SYR,1979,57.3
SYR,1978,67.10000000000001
SYR,1977,61.0
SYR,1976,56.10000000000001
SYR,1975,41.5
SYR,1974,30.5
SYR,1973,11.0
SYR,1972,36.6
SYR,1971,57.3
SYR,1970,51.2
SYR,1969,67.10000000000001
SYR,1968,75.6
SYR,1967,84.0
SYR,1966,68.8
SYR,1965,50.0
SYR,1964,42.5
SYR,1963,60.0
SYR,1962,51.3
SYR,1961,48.1
SYR,1960,60.0
SYR,1959,48.6
SYR,1958,56.89999999999999
SYR,1957,52.8
SYR,1956,48.6
SYR,1955,59.7
SYR,1954,58.3
SYR,1953,66.2
SYR,1952,60.6
SYR,1951,48.5
SYR,1950,79.7
DEN,2022,57.1
DEN,2021,65.3
DEN,2020,63.0
DEN,2019,65.9
DEN,2018,56.10000000000001
DEN,2017,48.8
DEN,2016,40.2
DEN,2015,36.6
DEN,2014,43.9
DEN,2013,69.5
DEN,2012,57.6
DEN,2011,61.0
DEN,2010,64.60000000000001
DEN,2009,65.9
DEN,2008,61.0
DEN,2007,54.900000000000006
DEN,2006,53.7
DEN,2005,59.8
DEN,2004,52.400000000000006
DEN,2003,20.7
DEN,2002,32.9
DEN,2001,48.8
DEN,2000,42.7
DEN,1999,28.000000000000004
DEN,1998,13.4
DEN,1997,25.6
DEN,1996,42.7
DEN,1995,50.0
DEN,1994,51.2
DEN,1993,43.9
DEN,1992,29.3
DEN,1991,24.4
DEN,1990,52.400000000000006
DEN,1989,53.7
DEN,1988,65.9
DEN,1987,45.1
DEN,1986,57.3
DEN,1985,63.4
DEN,1984,46.3
DEN,1983,54.900000000000006
DEN,1982,56.10000000000001
DEN,1981,45.1
DEN,1980,36.6
DEN,1979,57.3
DEN,1978,58.5
DEN,1977,61.0
DEN,1976,71.39999999999999
DEN,1975,77.4
DEN,1974,44.0
DEN,1973,56.00000000000001
DEN,1972,40.5
DEN,1971,35.7
DEN,1970,60.7
DEN,1969,56.39999999999999
DEN,1968,57.7
SAC,2022,34.599999999999994
SAC,2021,43.1
SAC,2020,43.1
SAC,2019,47.6
SAC,2018,32.9
SAC,2017,39.0
SAC,2016,40.2
SAC,2015,35.4
SAC,2014,34.1
SAC,2013,34.1
SAC,2012,33.300000000000004
SAC,2011,29.3
SAC,2010,30.5
SAC,2009,20.7
SAC,2008,46.3
SAC,2007,40.2
SAC,2006,53.7
SAC,2005,61.0
SAC,2004,67.10000000000001
SAC,2003,72.0
SAC,2002,74.4
SAC,2001,67.10000000000001
SAC,2000,53.7
SAC,1999,54.0
SAC,1998,32.9
SAC,1997,41.5
SAC,1996,47.6
SAC,1995,47.6
SAC,1994,34.1
SAC,1993,30.5
SAC,1992,35.4
SAC,1991,30.5
SAC,1990,28.000000000000004
SAC,1989,32.9
SAC,1988,29.3
SAC,1987,35.4
SAC,1986,45.1
SAC,1985,37.8
SAC,1984,46.3
SAC,1983,54.900000000000006
SAC,1982,36.6
SAC,1981,48.8
SAC,1980,57.3
SAC,1979,58.5
SAC,1978,37.8
SAC,1977,48.8
SAC,1976,37.8
SAC,1975,53.7
SAC,1974,40.2
SAC,1973,43.9
SAC,1972,36.6
SAC,1971,40.2
SAC,1970,43.9
SAC,1969,50.0
SAC,1968,47.6
SAC,1967,48.1
SAC,1966,56.3
SAC,1965,60.0
SAC,1964,68.8
SAC,1963,52.5
SAC,1962,53.8
SAC,1961,41.8
SAC,1960,25.3
SAC,1959,26.4
SAC,1958,45.8
SAC,1957,43.1
SAC,1956,43.1
SAC,1955,40.3
SAC,1954,61.1
SAC,1953,62.9
SAC,1952,62.1
SAC,1951,60.3
SAC,1950,75.0
SAC,1949,75.0
BOS,2022,51.9
BOS,2021,50.0
BOS,2020,66.7
BOS,2019,59.8
BOS,2018,67.10000000000001
BOS,2017,64.60000000000001
BOS,2016,58.5
BOS,2015,48.8
BOS,2014,30.5
BOS,2013,50.6
BOS,2012,59.1
BOS,2011,68.30000000000001
BOS,2010,61.0
BOS,2009,75.6
BOS,2008,80.5
BOS,2007,29.3
BOS,2006,40.2
BOS,2005,54.900000000000006
BOS,2004,43.9
BOS,2003,53.7
BOS,2002,59.8
BOS,2001,43.9
BOS,2000,42.7
BOS,1999,38.0
BOS,1998,43.9
BOS,1997,18.3
BOS,1996,40.2
BOS,1995,42.7
BOS,1994,39.0
BOS,1993,58.5
BOS,1992,62.2
BOS,1991,68.30000000000001
BOS,1990,63.4
BOS,1989,51.2
BOS,1988,69.5
BOS,1987,72.0
BOS,1986,81.69999999999999
BOS,1985,76.8
BOS,1984,75.6
BOS,1983,68.30000000000001
BOS,1982,76.8
BOS,1981,75.6
BOS,1980,74.4
BOS,1979,35.4
BOS,1978,39.0
BOS,1977,53.7
BOS,1976,65.9
BOS,1975,73.2
BOS,1974,68.30000000000001
BOS,1973,82.89999999999999
BOS,1972,68.30000000000001
BOS,1971,53.7
BOS,1970,41.5
BOS,1969,58.5
BOS,1968,65.9
BOS,1967,74.1
BOS,1966,67.5
BOS,1965,77.5
BOS,1964,73.8
BOS,1963,72.5
BOS,1962,75.0
BOS,1961,72.2
BOS,1960,78.7
BOS,1959,72.2
BOS,1958,68.10000000000001
BOS,1957,61.1
BOS,1956,54.2
BOS,1955,50.0
BOS,1954,58.3
BOS,1953,64.8
BOS,1952,59.1
BOS,1951,56.49999999999999
BOS,1950,32.4
BOS,1949,41.7
BOS,1948,41.7
BOS,1947,36.7
POR,2022,41.2
POR,2021,58.3
POR,2020,47.3
POR,2019,64.60000000000001
POR,2018,59.8
POR,2017,50.0
POR,2016,53.7
POR,2015,62.2
POR,2014,65.9
POR,2013,40.2
POR,2012,42.4
POR,2011,58.5
POR,2010,61.0
POR,2009,65.9
POR,2008,50.0
POR,2007,39.0
POR,2006,25.6
POR,2005,32.9
POR,2004,50.0
POR,2003,61.0
POR,2002,59.8
POR,2001,61.0
POR,2000,72.0
POR,1999,70.0
POR,1998,56.10000000000001
POR,1997,59.8
POR,1996,53.7
POR,1995,53.7
POR,1994,57.3
POR,1993,62.2
POR,1992,69.5
POR,1991,76.8
POR,1990,72.0
POR,1989,47.6
POR,1988,64.60000000000001
POR,1987,59.8
POR,1986,48.8
POR,1985,51.2
POR,1984,58.5
POR,1983,56.10000000000001
POR,1982,51.2
POR,1981,54.900000000000006
POR,1980,46.3
POR,1979,54.900000000000006
POR,1978,70.7
POR,1977,59.8
POR,1976,45.1
POR,1975,46.3
POR,1974,32.9
POR,1973,25.6
POR,1972,22.0
POR,1971,35.4
DAL,2022,56.89999999999999
DAL,2021,58.3
DAL,2020,57.3
DAL,2019,40.2
DAL,2018,29.3
DAL,2017,40.2
DAL,2016,51.2
DAL,2015,61.0
DAL,2014,59.8
DAL,2013,50.0
DAL,2012,54.50000000000001
DAL,2011,69.5
DAL,2010,67.10000000000001
DAL,2009,61.0
DAL,2008,62.2
DAL,2007,81.69999999999999
DAL,2006,73.2
DAL,2005,70.7
DAL,2004,63.4
DAL,2003,73.2
DAL,2002,69.5
DAL,2001,64.60000000000001
DAL,2000,48.8
DAL,1999,38.0
DAL,1998,24.4
DAL,1997,29.3
DAL,1996,31.7
DAL,1995,43.9
DAL,1994,15.9
DAL,1993,13.4
DAL,1992,26.8
DAL,1991,34.1
DAL,1990,57.3
DAL,1989,46.3
DAL,1988,64.60000000000001
DAL,1987,67.10000000000001
DAL,1986,53.7
DAL,1985,53.7
DAL,1984,52.400000000000006
DAL,1983,46.3
DAL,1982,34.1
DAL,1981,18.3
PIT,1947,25.0
VAN,2022,66.0
VAN,2021,52.8
VAN,2020,46.6
VAN,2019,40.2
VAN,2018,26.8
VAN,2017,52.400000000000006
VAN,2016,51.2
VAN,2015,67.10000000000001
VAN,2014,61.0
VAN,2013,68.30000000000001
VAN,2012,62.1
VAN,2011,56.10000000000001
VAN,2010,48.8
VAN,2009,29.3
VAN,2008,26.8
VAN,2007,26.8
VAN,2006,59.8
VAN,2005,54.900000000000006
VAN,2004,61.0
VAN,2003,34.1
VAN,2002,28.000000000000004
VAN,2001,28.000000000000004
VAN,2000,26.8
VAN,1999,16.0
VAN,1998,23.200000000000003
VAN,1997,17.1
VAN,1996,18.3
DET,2022,24.5
DET,2021,27.800000000000004
DET,2020,30.3
DET,2019,50.0
DET,2018,47.6
DET,2017,45.1
DET,2016,53.7
DET,2015,39.0
DET,2014,35.4
DET,2013,35.4
DET,2012,37.9
DET,2011,36.6
DET,2010,32.9
DET,2009,47.6
DET,2008,72.0
DET,2007,64.60000000000001
DET,2006,78.0
DET,2005,65.9
DET,2004,65.9
DET,2003,61.0
DET,2002,61.0
DET,2001,39.0
DET,2000,51.2
DET,1999,57.99999999999999
DET,1998,45.1
DET,1997,65.9
DET,1996,56.10000000000001
DET,1995,34.1
DET,1994,24.4
DET,1993,48.8
DET,1992,58.5
DET,1991,61.0
DET,1990,72.0
DET,1989,76.8
DET,1988,65.9
DET,1987,63.4
DET,1986,56.10000000000001
DET,1985,56.10000000000001
DET,1984,59.8
DET,1983,45.1
DET,1982,47.6
DET,1981,25.6
DET,1980,19.5
DET,1979,36.6
DET,1978,46.3
DET,1977,53.7
DET,1976,43.9
DET,1975,48.8
DET,1974,63.4
DET,1973,48.8
DET,1972,31.7
DET,1971,54.900000000000006
DET,1970,37.8
DET,1969,39.0
DET,1968,48.8
DET,1967,37.0
DET,1966,27.500000000000004
DET,1965,38.8
DET,1964,28.8
DET,1963,42.5
DET,1962,46.3
DET,1961,43.0
DET,1960,40.0
DET,1959,38.9
DET,1958,45.8
DET,1957,47.2
DET,1956,51.4
DET,1955,59.7
DET,1954,55.60000000000001
DET,1953,52.2
DET,1952,43.9
DET,1951,47.1
DET,1950,58.8
DET,1949,36.7
ATL,2022,48.0
ATL,2021,56.89999999999999
ATL,2020,29.9
ATL,2019,35.4
ATL,2018,29.3
ATL,2017,52.400000000000006
ATL,2016,58.5
ATL,2015,73.2
ATL,2014,46.3
ATL,2013,53.7
ATL,2012,60.6
ATL,2011,53.7
ATL,2010,64.60000000000001
ATL,2009,57.3
ATL,2008,45.1
ATL,2007,36.6
ATL,2006,31.7
ATL,2005,15.9
ATL,2004,34.1
ATL,2003,42.7
ATL,2002,40.2
ATL,2001,30.5
ATL,2000,34.1
ATL,1999,62.0
ATL,1998,61.0
ATL,1997,68.30000000000001
ATL,1996,56.10000000000001
ATL,1995,51.2
ATL,1994,69.5
ATL,1993,52.400000000000006
ATL,1992,46.3
ATL,1991,52.400000000000006
ATL,1990,50.0
ATL,1989,63.4
ATL,1988,61.0
ATL,1987,69.5
ATL,1986,61.0
ATL,1985,41.5
ATL,1984,48.8
ATL,1983,52.400000000000006
ATL,1982,51.2
ATL,1981,37.8
ATL,1980,61.0
ATL,1979,56.10000000000001
ATL,1978,50.0
ATL,1977,37.8
ATL,1976,35.4
ATL,1975,37.8
ATL,1974,42.7
ATL,1973,56.10000000000001
ATL,1972,43.9
ATL,1971,43.9
ATL,1970,58.5
ATL,1969,58.5
ATL,1968,68.30000000000001
ATL,1967,48.1
ATL,1966,45.0
ATL,1965,56.3
ATL,1964,57.49999999999999
ATL,1963,60.0
ATL,1962,36.3
ATL,1961,64.60000000000001
ATL,1960,61.3
ATL,1959,68.10000000000001
ATL,1958,56.89999999999999
ATL,1957,47.2
ATL,1956,45.8
ATL,1955,36.1
ATL,1954,29.2
ATL,1953,38.0
ATL,1952,25.8
ATL,1951,36.8
ATL,1950,45.3
OKC,2022,30.6
OKC,2021,30.6
OKC,2020,61.1
OKC,2019,59.8
OKC,2018,58.5
OKC,2017,57.3
OKC,2016,67.10000000000001
OKC,2015,54.900000000000006
OKC,2014,72.0
OKC,2013,73.2
OKC,2012,71.2
OKC,2011,67.10000000000001
OKC,2010,61.0
OKC,2009,28.000000000000004
OKC,2008,24.4
OKC,2007,37.8
OKC,2006,42.7
OKC,2005,63.4
OKC,2004,45.1
OKC,2003,48.8
OKC,2002,54.900000000000006
OKC,2001,53.7
OKC,2000,54.900000000000006
OKC,1999,50.0
OKC,1998,74.4
OKC,1997,69.5
OKC,1996,78.0
OKC,1995,69.5
OKC,1994,76.8
OKC,1993,67.10000000000001
OKC,1992,57.3
OKC,1991,50.0
OKC,1990,50.0
OKC,1989,57.3
OKC,1988,53.7
OKC,1987,47.6
OKC,1986,37.8
OKC,1985,37.8
OKC,1984,51.2
OKC,1983,58.5
OKC,1982,63.4
OKC,1981,41.5
OKC,1980,68.30000000000001
OKC,1979,63.4
OKC,1978,57.3
OKC,1977,48.8
OKC,1976,52.400000000000006
OKC,1975,52.400000000000006
OKC,1974,43.9
OKC,1973,31.7
OKC,1972,57.3
OKC,1971,46.3
OKC,1970,43.9
OKC,1969,36.6
OKC,1968,28.000000000000004
NYK,2022,47.1
NYK,2021,56.89999999999999
NYK,2020,31.8
NYK,2019,20.7
NYK,2018,35.4
NYK,2017,37.8
NYK,2016,39.0
NYK,2015,20.7
NYK,2014,45.1
NYK,2013,65.9
NYK,2012,54.50000000000001
NYK,2011,51.2
NYK,2010,35.4
NYK,2009,39.0
NYK,2008,28.000000000000004
NYK,2007,40.2
NYK,2006,28.000000000000004
NYK,2005,40.2
NYK,2004,47.6
NYK,2003,45.1
NYK,2002,36.6
NYK,2001,58.5
NYK,2000,61.0
NYK,1999,54.0
NYK,1998,52.400000000000006
NYK,1997,69.5
NYK,1996,57.3
NYK,1995,67.10000000000001
NYK,1994,69.5
NYK,1993,73.2
NYK,1992,62.2
NYK,1991,47.6
NYK,1990,54.900000000000006
NYK,1989,63.4
NYK,1988,46.3
NYK,1987,29.3
NYK,1986,28.000000000000004
NYK,1985,29.3
NYK,1984,57.3
NYK,1983,53.7
NYK,1982,40.2
NYK,1981,61.0
NYK,1980,47.6
NYK,1979,37.8
NYK,1978,52.400000000000006
NYK,1977,48.8
NYK,1976,46.3
NYK,1975,48.8
NYK,1974,59.8
NYK,1973,69.5
NYK,1972,58.5
NYK,1971,63.4
NYK,1970,73.2
NYK,1969,65.9
NYK,1968,52.400000000000006
NYK,1967,44.4
NYK,1966,37.5
NYK,1965,38.8
NYK,1964,27.500000000000004
NYK,1963,26.3
NYK,1962,36.3
NYK,1961,26.6
NYK,1960,36.0
NYK,1959,55.60000000000001
NYK,1958,48.6
NYK,1957,50.0
NYK,1956,48.6
NYK,1955,52.8
NYK,1954,61.1
NYK,1953,67.10000000000001
NYK,1952,56.10000000000001
NYK,1951,54.50000000000001
NYK,1950,58.8
NYK,1949,53.3
NYK,1948,54.2
NYK,1947,55.00000000000001
TOR,2022,52.1
TOR,2021,37.5
TOR,2020,73.6
TOR,2019,70.7
TOR,2018,72.0
TOR,2017,62.2
TOR,2016,68.30000000000001
TOR,2015,59.8
TOR,2014,58.5
TOR,2013,41.5
TOR,2012,34.8
TOR,2011,26.8
TOR,2010,48.8
TOR,2009,40.2
TOR,2008,50.0
TOR,2007,57.3
TOR,2006,32.9
TOR,2005,40.2
TOR,2004,40.2
TOR,2003,29.3
TOR,2002,51.2
TOR,2001,57.3
TOR,2000,54.900000000000006
TOR,1999,46.0
TOR,1998,19.5
TOR,1997,36.6
TOR,1996,25.6
ORL,2022,21.6
ORL,2021,29.2
ORL,2020,45.2
ORL,2019,51.2
ORL,2018,30.5
ORL,2017,35.4
ORL,2016,42.7
ORL,2015,30.5
ORL,2014,28.000000000000004
ORL,2013,24.4
ORL,2012,56.10000000000001
ORL,2011,63.4
ORL,2010,72.0
ORL,2009,72.0
ORL,2008,63.4
ORL,2007,48.8
ORL,2006,43.9
ORL,2005,43.9
ORL,2004,25.6
ORL,2003,51.2
ORL,2002,53.7
ORL,2001,52.400000000000006
ORL,2000,50.0
ORL,1999,66.0
ORL,1998,50.0
ORL,1997,54.900000000000006
ORL,1996,73.2
ORL,1995,69.5
ORL,1994,61.0
ORL,1993,50.0
ORL,1992,25.6
ORL,1991,37.8
ORL,1990,22.0
MIA,2022,62.7
MIA,2021,55.60000000000001
MIA,2020,60.3
MIA,2019,47.6
MIA,2018,53.7
MIA,2017,50.0
MIA,2016,58.5
MIA,2015,45.1
MIA,2014,65.9
MIA,2013,80.5
MIA,2012,69.69999999999999
MIA,2011,70.7
MIA,2010,57.3
MIA,2009,52.400000000000006
MIA,2008,18.3
MIA,2007,53.7
MIA,2006,63.4
MIA,2005,72.0
MIA,2004,51.2
MIA,2003,30.5
MIA,2002,43.9
MIA,2001,61.0
MIA,2000,63.4
MIA,1999,66.0
MIA,1998,67.10000000000001
MIA,1997,74.4
MIA,1996,51.2
MIA,1995,39.0
MIA,1994,51.2
MIA,1993,43.9
MIA,1992,46.3
MIA,1991,29.3
MIA,1990,22.0
MIA,1989,18.3
SDR,2022,28.000000000000004
SDR,2021,23.6
SDR,2020,61.1
SDR,2019,64.60000000000001
SDR,2018,79.3
SDR,2017,67.10000000000001
SDR,2016,50.0
SDR,2015,68.30000000000001
SDR,2014,65.9
SDR,2013,54.900000000000006
SDR,2012,51.5
SDR,2011,52.400000000000006
SDR,2010,51.2
SDR,2009,64.60000000000001
SDR,2008,67.10000000000001
SDR,2007,63.4
SDR,2006,41.5
SDR,2005,62.2
SDR,2004,54.900000000000006
SDR,2003,52.400000000000006
SDR,2002,34.1
SDR,2001,54.900000000000006
SDR,2000,41.5
SDR,1999,62.0
SDR,1998,50.0
SDR,1997,69.5
SDR,1996,58.5
SDR,1995,57.3
SDR,1994,70.7
SDR,1993,67.10000000000001
SDR,1992,51.2
SDR,1991,63.4
SDR,1990,50.0
SDR,1989,54.900000000000006
SDR,1988,56.10000000000001
SDR,1987,51.2
SDR,1986,62.2
SDR,1985,58.5
SDR,1984,35.4
SDR,1983,17.1
SDR,1982,56.10000000000001
SDR,1981,48.8
SDR,1980,50.0
SDR,1979,57.3
SDR,1978,34.1
SDR,1977,59.8
SDR,1976,48.8
SDR,1975,50.0
SDR,1974,39.0
SDR,1973,40.2
SDR,1972,41.5
SDR,1971,48.8
SDR,1970,32.9
SDR,1969,45.1
SDR,1968,18.3
PHO,2022,81.6
PHO,2021,70.8
PHO,2020,46.6
PHO,2019,23.200000000000003
PHO,2018,25.6
PHO,2017,29.3
PHO,2016,28.000000000000004
PHO,2015,47.6
PHO,2014,58.5
PHO,2013,30.5
PHO,2012,50.0
PHO,2011,48.8
PHO,2010,65.9
PHO,2009,56.10000000000001
PHO,2008,67.10000000000001
PHO,2007,74.4
PHO,2006,65.9
PHO,2005,75.6
PHO,2004,35.4
PHO,2003,53.7
PHO,2002,43.9
PHO,2001,62.2
PHO,2000,64.60000000000001
PHO,1999,54.0
PHO,1998,68.30000000000001
PHO,1997,48.8
PHO,1996,50.0
PHO,1995,72.0
PHO,1994,68.30000000000001
PHO,1993,75.6
PHO,1992,64.60000000000001
PHO,1991,67.10000000000001
PHO,1990,65.9
PHO,1989,67.10000000000001
PHO,1988,34.1
PHO,1987,43.9
PHO,1986,39.0
PHO,1985,43.9
PHO,1984,50.0
PHO,1983,64.60000000000001
PHO,1982,56.10000000000001
PHO,1981,69.5
PHO,1980,67.10000000000001
PHO,1979,61.0
PHO,1978,59.8
PHO,1977,41.5
PHO,1976,51.2
PHO,1975,39.0
PHO,1974,36.6
PHO,1973,46.3
PHO,1972,59.8
PHO,1971,58.5
PHO,1970,47.6
PHO,1969,19.5
BRK,2022,59.2
BRK,2021,66.7
BRK,2020,48.6
BRK,2019,51.2
BRK,2018,34.1
BRK,2017,24.4
BRK,2016,25.6
BRK,2015,46.3
BRK,2014,53.7
BRK,2013,59.8
BRK,2012,33.300000000000004
BRK,2011,29.3
BRK,2010,14.6
BRK,2009,41.5
BRK,2008,41.5
BRK,2007,50.0
BRK,2006,59.8
BRK,2005,51.2
BRK,2004,57.3
BRK,2003,59.8
BRK,2002,63.4
BRK,2001,31.7
BRK,2000,37.8
BRK,1999,32.0
BRK,1998,52.400000000000006
BRK,1997,31.7
BRK,1996,36.6
BRK,1995,36.6
BRK,1994,54.900000000000006
BRK,1993,52.400000000000006
BRK,1992,48.8
BRK,1991,31.7
BRK,1990,20.7
BRK,1989,31.7
BRK,1988,23.200000000000003
BRK,1987,29.3
BRK,1986,47.6
BRK,1985,51.2
BRK,1984,54.900000000000006
BRK,1983,59.8
BRK,1982,53.7
BRK,1981,29.3
BRK,1980,41.5
BRK,1979,45.1
BRK,1978,29.3
BRK,1977,26.8
BRK,1976,65.5
BRK,1975,69.0
BRK,1974,65.5
BRK,1973,35.7
BRK,1972,52.400000000000006
BRK,1971,47.6
BRK,1970,46.400000000000006
BRK,1969,21.8
BRK,1968,46.2
NJN,2022,59.2
NJN,2021,66.7
NJN,2020,48.6
NJN,2019,51.2
NJN,2018,34.1
NJN,2017,24.4
NJN,2016,25.6
NJN,2015,46.3
NJN,2014,53.7
NJN,2013,59.8
NJN,2012,33.300000000000004
NJN,2011,29.3
NJN,2010,14.6
NJN,2009,41.5
NJN,2008,41.5
NJN,2007,50.0
NJN,2006,59.8
NJN,2005,51.2
NJN,2004,57.3
NJN,2003,59.8
NJN,2002,63.4
NJN,2001,31.7
NJN,2000,37.8
NJN,1999,32.0
NJN,1998,52.400000000000006
NJN,1997,31.7
NJN,1996,36.6
NJN,1995,36.6
NJN,1994,54.900000000000006
NJN,1993,52.400000000000006
NJN,1992,48.8
NJN,1991,31.7
NJN,1990,20.7
NJN,1989,31.7
NJN,1988,23.200000000000003
NJN,1987,29.3
NJN,1986,47.6
NJN,1985,51.2
NJN,1984,54.900000000000006
NJN,1983,59.8
NJN,1982,53.7
NJN,1981,29.3
NJN,1980,41.5
NJN,1979,45.1
NJN,1978,29.3
NJN,1977,26.8
NJN,1976,65.5
NJN,1975,69.0
NJN,1974,65.5
NJN,1973,35.7
NJN,1972,52.400000000000006
NJN,1971,47.6
NJN,1970,46.400000000000006
NJN,1969,21.8
NJN,1968,46.2
MEM,2022,66.0
MEM,2021,52.8
MEM,2020,46.6
MEM,2019,40.2
MEM,2018,26.8
MEM,2017,52.400000000000006
MEM,2016,51.2
MEM,2015,67.10000000000001
MEM,2014,61.0
MEM,2013,68.30000000000001
MEM,2012,62.1
MEM,2011,56.10000000000001
MEM,2010,48.8
MEM,2009,29.3
MEM,2008,26.8
MEM,2007,26.8
MEM,2006,59.8
MEM,2005,54.900000000000006
MEM,2004,61.0
MEM,2003,34.1
MEM,2002,28.000000000000004
MEM,2001,28.000000000000004
MEM,2000,26.8
MEM,1999,16.0
MEM,1998,23.200000000000003
MEM,1997,17.1
MEM,1996,18.3
CLE,2022,60.8
CLE,2021,30.6
CLE,2020,29.2
CLE,2019,23.200000000000003
CLE,2018,61.0
CLE,2017,62.2
CLE,2016,69.5
CLE,2015,64.60000000000001
CLE,2014,40.2
CLE,2013,29.3
CLE,2012,31.8
CLE,2011,23.200000000000003
CLE,2010,74.4
CLE,2009,80.5
CLE,2008,54.900000000000006
CLE,2007,61.0
CLE,2006,61.0
CLE,2005,51.2
CLE,2004,42.7
CLE,2003,20.7
CLE,2002,35.4
CLE,2001,36.6
CLE,2000,39.0
CLE,1999,44.0
CLE,1998,57.3
CLE,1997,51.2
CLE,1996,57.3
CLE,1995,52.400000000000006
CLE,1994,57.3
CLE,1993,65.9
CLE,1992,69.5
CLE,1991,40.2
CLE,1990,51.2
CLE,1989,69.5
CLE,1988,51.2
CLE,1987,37.8
CLE,1986,35.4
CLE,1985,43.9
CLE,1984,34.1
CLE,1983,28.000000000000004
CLE,1982,18.3
CLE,1981,34.1
CLE,1980,45.1
CLE,1979,36.6
CLE,1978,52.400000000000006
CLE,1977,52.400000000000006
CLE,1976,59.8
CLE,1975,48.8
CLE,1974,35.4
CLE,1973,39.0
CLE,1972,28.000000000000004
CLE,1971,18.3
CHH,2022,54.900000000000006
CHH,2021,45.8
CHH,2020,35.4
CHH,2019,47.6
CHH,2018,43.9
CHH,2017,43.9
CHH,2016,58.5
CHH,2015,40.2
CHH,2014,52.400000000000006
CHH,2013,25.6
CHH,2012,10.6
CHH,2011,41.5
CHH,2010,53.7
CHH,2009,42.7
CHH,2008,39.0
CHH,2007,40.2
CHH,2006,31.7
CHH,2005,22.0
CHH,2002,53.7
CHH,2001,56.10000000000001
CHH,2000,59.8
CHH,1999,52.0
CHH,1998,62.2
CHH,1997,65.9
CHH,1996,50.0
CHH,1995,61.0
CHH,1994,50.0
CHH,1993,53.7
CHH,1992,37.8
CHH,1991,31.7
CHH,1990,23.200000000000003
CHH,1989,24.4
SDA,1976,27.3
SDA,1975,36.9
SDA,1974,44.0
SDA,1973,35.7
CHA,2022,54.900000000000006
CHA,2021,45.8
CHA,2020,35.4
CHA,2019,47.6
CHA,2018,43.9
CHA,2017,43.9
CHA,2016,58.5
CHA,2015,40.2
CHA,2014,52.400000000000006
CHA,2013,25.6
CHA,2012,10.6
CHA,2011,41.5
CHA,2010,53.7
CHA,2009,42.7
CHA,2008,39.0
CHA,2007,40.2
CHA,2006,31.7
CHA,2005,22.0
CHA,2002,53.7
CHA,2001,56.10000000000001
CHA,2000,59.8
CHA,1999,52.0
CHA,1998,62.2
CHA,1997,65.9
CHA,1996,50.0
CHA,1995,61.0
CHA,1994,50.0
CHA,1993,53.7
CHA,1992,37.8
CHA,1991,31.7
CHA,1990,23.200000000000003
CHA,1989,24.4
WSB,2022,46.9
WSB,2021,47.2
WSB,2020,34.7
WSB,2019,39.0
WSB,2018,52.400000000000006
WSB,2017,59.8
WSB,2016,50.0
WSB,2015,56.10000000000001
WSB,2014,53.7
WSB,2013,35.4
WSB,2012,30.3
WSB,2011,28.000000000000004
WSB,2010,31.7
WSB,2009,23.200000000000003
WSB,2008,52.400000000000006
WSB,2007,50.0
WSB,2006,51.2
WSB,2005,54.900000000000006
WSB,2004,30.5
WSB,2003,45.1
WSB,2002,45.1
WSB,2001,23.200000000000003
WSB,2000,35.4
WSB,1999,36.0
WSB,1998,51.2
WSB,1997,53.7
WSB,1996,47.6
WSB,1995,25.6
WSB,1994,29.3
WSB,1993,26.8
WSB,1992,30.5
WSB,1991,36.6
WSB,1990,37.8
WSB,1989,48.8
WSB,1988,46.3
WSB,1987,51.2
WSB,1986,47.6
WSB,1985,48.8
WSB,1984,42.7
WSB,1983,51.2
WSB,1982,52.400000000000006
WSB,1981,47.6
WSB,1980,47.6
WSB,1979,65.9
WSB,1978,53.7
WSB,1977,58.5
WSB,1976,58.5
WSB,1975,73.2
WSB,1974,57.3
WSB,1973,63.4
WSB,1972,46.3
WSB,1971,51.2
WSB,1970,61.0
WSB,1969,69.5
WSB,1968,43.9
WSB,1967,24.7
WSB,1966,47.5
WSB,1965,46.3
WSB,1964,38.8
WSB,1963,31.3
WSB,1962,22.5
CHI,2022,63.3
CHI,2021,43.1
CHI,2020,33.800000000000004
CHI,2019,26.8
CHI,2018,32.9
CHI,2017,50.0
CHI,2016,51.2
CHI,2015,61.0
CHI,2014,58.5
CHI,2013,54.900000000000006
CHI,2012,75.8
CHI,2011,75.6
CHI,2010,50.0
CHI,2009,50.0
CHI,2008,40.2
CHI,2007,59.8
CHI,2006,50.0
CHI,2005,57.3
CHI,2004,28.000000000000004
CHI,2003,36.6
CHI,2002,25.6
CHI,2001,18.3
CHI,2000,20.7
CHI,1999,26.0
CHI,1998,75.6
CHI,1997,84.1
CHI,1996,87.8
CHI,1995,57.3
CHI,1994,67.10000000000001
CHI,1993,69.5
CHI,1992,81.69999999999999
CHI,1991,74.4
CHI,1990,67.10000000000001
CHI,1989,57.3
CHI,1988,61.0
CHI,1987,48.8
CHI,1986,36.6
CHI,1985,46.3
CHI,1984,32.9
CHI,1983,34.1
CHI,1982,41.5
CHI,1981,54.900000000000006
CHI,1980,36.6
CHI,1979,37.8
CHI,1978,48.8
CHI,1977,53.7
CHI,1976,29.3
CHI,1975,57.3
CHI,1974,65.9
CHI,1973,62.2
CHI,1972,69.5
CHI,1971,62.2
CHI,1970,47.6
CHI,1969,40.2
CHI,1968,35.4
CHI,1967,40.7
NOP,2022,36.0
NOP,2021,43.1
NOP,2020,41.7
NOP,2019,40.2
NOP,2018,58.5
NOP,2017,41.5
NOP,2016,36.6
NOP,2015,54.900000000000006
NOP,2014,41.5
NOP,2013,32.9
NOP,2012,31.8
NOP,2011,56.10000000000001
NOP,2010,45.1
NOP,2009,59.8
NOP,2008,68.30000000000001
NOP,2007,47.6
NOP,2006,46.3
NOP,2005,22.0
NOP,2004,50.0
NOP,2003,57.3
MIN,2022,50.0
MIN,2021,31.9
MIN,2020,29.7
MIN,2019,43.9
MIN,2018,57.3
MIN,2017,37.8
MIN,2016,35.4
MIN,2015,19.5
MIN,2014,48.8
MIN,2013,37.8
MIN,2012,39.4
MIN,2011,20.7
MIN,2010,18.3
MIN,2009,29.3
MIN,2008,26.8
MIN,2007,39.0
MIN,2006,40.2
MIN,2005,53.7
MIN,2004,70.7
MIN,2003,62.2
MIN,2002,61.0
MIN,2001,57.3
MIN,2000,61.0
MIN,1999,50.0
MIN,1998,54.900000000000006
MIN,1997,48.8
MIN,1996,31.7
MIN,1995,25.6
MIN,1994,24.4
MIN,1993,23.200000000000003
MIN,1992,18.3
MIN,1991,35.4
MIN,1990,26.8
SAS,2022,37.3
SAS,2021,45.8
SAS,2020,45.1
SAS,2019,58.5
SAS,2018,57.3
SAS,2017,74.4
SAS,2016,81.69999999999999
SAS,2015,67.10000000000001
SAS,2014,75.6
SAS,2013,70.7
SAS,2012,75.8
SAS,2011,74.4
SAS,2010,61.0
SAS,2009,65.9
SAS,2008,68.30000000000001
SAS,2007,70.7
SAS,2006,76.8
SAS,2005,72.0
SAS,2004,69.5
SAS,2003,73.2
SAS,2002,70.7
SAS,2001,70.7
SAS,2000,64.60000000000001
SAS,1999,74.0
SAS,1998,68.30000000000001
SAS,1997,24.4
SAS,1996,72.0
SAS,1995,75.6
SAS,1994,67.10000000000001
SAS,1993,59.8
SAS,1992,57.3
SAS,1991,67.10000000000001
SAS,1990,68.30000000000001
SAS,1989,25.6
SAS,1988,37.8
SAS,1987,34.1
SAS,1986,42.7
SAS,1985,50.0
SAS,1984,45.1
SAS,1983,64.60000000000001
SAS,1982,58.5
SAS,1981,63.4
SAS,1980,50.0
SAS,1979,58.5
SAS,1978,63.4
SAS,1977,53.7
SAS,1976,59.5
SAS,1975,60.7
SAS,1974,53.6
SAS,1973,33.300000000000004
SAS,1972,50.0
SAS,1971,35.7
SAS,1970,53.6
SAS,1969,52.6
SAS,1968,59.0
NOH,2022,36.0
NOH,2021,43.1
NOH,2020,41.7
NOH,2019,40.2
NOH,2018,58.5
NOH,2017,41.5
NOH,2016,36.6
NOH,2015,54.900000000000006
NOH,2014,41.5
NOH,2013,32.9
NOH,2012,31.8
NOH,2011,56.10000000000001
NOH,2010,45.1
NOH,2009,59.8
NOH,2008,68.30000000000001
NOH,2007,47.6
NOH,2006,46.3
NOH,2005,22.0
NOH,2004,50.0
NOH,2003,57.3
KEN,1976,54.8
KEN,1975,69.0
KEN,1974,63.1
KEN,1973,66.7
KEN,1972,81.0
KEN,1971,52.400000000000006
KEN,1970,53.6
KEN,1969,53.8
KEN,1968,46.2
LAC,2022,49.1
LAC,2021,65.3
LAC,2020,68.10000000000001
LAC,2019,58.5
LAC,2018,51.2
LAC,2017,62.2
LAC,2016,64.60000000000001
LAC,2015,68.30000000000001
LAC,2014,69.5
LAC,2013,68.30000000000001
LAC,2012,60.6
LAC,2011,39.0
LAC,2010,35.4
LAC,2009,23.200000000000003
LAC,2008,28.000000000000004
LAC,2007,48.8
LAC,2006,57.3
LAC,2005,45.1
LAC,2004,34.1
LAC,2003,32.9
LAC,2002,47.6
LAC,2001,37.8
LAC,2000,18.3
LAC,1999,18.0
LAC,1998,20.7
LAC,1997,43.9
LAC,1996,35.4
LAC,1995,20.7
LAC,1994,32.9
LAC,1993,50.0
LAC,1992,54.900000000000006
LAC,1991,37.8
LAC,1990,36.6
LAC,1989,25.6
LAC,1988,20.7
LAC,1987,14.6
LAC,1986,39.0
LAC,1985,37.8
LAC,1984,36.6
LAC,1983,30.5
LAC,1982,20.7
LAC,1981,43.9
LAC,1980,42.7
LAC,1979,52.400000000000006
LAC,1978,32.9
LAC,1977,36.6
LAC,1976,56.10000000000001
LAC,1975,59.8
LAC,1974,51.2
LAC,1973,25.6
LAC,1972,26.8
LAC,1971,26.8
PHI,2022,62.0
PHI,2021,68.10000000000001
PHI,2020,58.9
PHI,2019,62.2
PHI,2018,63.4
PHI,2017,34.1
PHI,2016,12.2
PHI,2015,22.0
PHI,2014,23.200000000000003
PHI,2013,41.5
PHI,2012,53.0
PHI,2011,50.0
PHI,2010,32.9
PHI,2009,50.0
PHI,2008,48.8
PHI,2007,42.7
PHI,2006,46.3
PHI,2005,52.400000000000006
PHI,2004,40.2
PHI,2003,58.5
PHI,2002,52.400000000000006
PHI,2001,68.30000000000001
PHI,2000,59.8
PHI,1999,56.00000000000001
PHI,1998,37.8
PHI,1997,26.8
PHI,1996,22.0
PHI,1995,29.3
PHI,1994,30.5
PHI,1993,31.7
PHI,1992,42.7
PHI,1991,53.7
PHI,1990,64.60000000000001
PHI,1989,56.10000000000001
PHI,1988,43.9
PHI,1987,54.900000000000006
PHI,1986,65.9
PHI,1985,70.7
PHI,1984,63.4
PHI,1983,79.3
PHI,1982,70.7
PHI,1981,75.6
PHI,1980,72.0
PHI,1979,57.3
PHI,1978,67.10000000000001
PHI,1977,61.0
PHI,1976,56.10000000000001
PHI,1975,41.5
PHI,1974,30.5
PHI,1973,11.0
PHI,1972,36.6
PHI,1971,57.3
PHI,1970,51.2
PHI,1969,67.10000000000001
PHI,1968,75.6
PHI,1967,84.0
PHI,1966,68.8
PHI,1965,50.0
PHI,1964,42.5
PHI,1963,60.0
PHI,1962,51.3
PHI,1961,48.1
PHI,1960,60.0
PHI,1959,48.6
PHI,1958,56.89999999999999
PHI,1957,52.8
PHI,1956,48.6
PHI,1955,59.7
PHI,1954,58.3
PHI,1953,66.2
PHI,1952,60.6
PHI,1951,48.5
PHI,1950,79.7
UTA,2022,58.8
UTA,2021,72.2
UTA,2020,61.1
UTA,2019,61.0
UTA,2018,58.5
UTA,2017,62.2
UTA,2016,48.8
UTA,2015,46.3
UTA,2014,30.5
UTA,2013,52.400000000000006
UTA,2012,54.50000000000001
UTA,2011,47.6
UTA,2010,64.60000000000001
UTA,2009,58.5
UTA,2008,65.9
UTA,2007,62.2
UTA,2006,50.0
UTA,2005,31.7
UTA,2004,51.2
UTA,2003,57.3
UTA,2002,53.7
UTA,2001,64.60000000000001
UTA,2000,67.10000000000001
UTA,1999,74.0
UTA,1998,75.6
UTA,1997,78.0
UTA,1996,67.10000000000001
UTA,1995,73.2
UTA,1994,64.60000000000001
UTA,1993,57.3
UTA,1992,67.10000000000001
UTA,1991,65.9
UTA,1990,67.10000000000001
UTA,1989,62.2
UTA,1988,57.3
UTA,1987,53.7
UTA,1986,51.2
UTA,1985,50.0
UTA,1984,54.900000000000006
UTA,1983,36.6
UTA,1982,30.5
UTA,1981,34.1
UTA,1980,29.3
UTA,1979,31.7
UTA,1978,47.6
UTA,1977,42.7
UTA,1976,46.3
UTA,1975,28.000000000000004
INA,2022,36.5
INA,2021,47.2
INA,2020,61.6
INA,2019,58.5
INA,2018,58.5
INA,2017,51.2
INA,2016,54.900000000000006
INA,2015,46.3
INA,2014,68.30000000000001
INA,2013,60.5
INA,2012,63.6
INA,2011,45.1
INA,2010,39.0
INA,2009,43.9
INA,2008,43.9
INA,2007,42.7
INA,2006,50.0
INA,2005,53.7
INA,2004,74.4
INA,2003,58.5
INA,2002,51.2
INA,2001,50.0
INA,2000,68.30000000000001
INA,1999,66.0
INA,1998,70.7
INA,1997,47.6
INA,1996,63.4
INA,1995,63.4
INA,1994,57.3
INA,1993,50.0
INA,1992,48.8
INA,1991,50.0
INA,1990,51.2
INA,1989,34.1
INA,1988,46.3
INA,1987,50.0
INA,1986,31.7
INA,1985,26.8
INA,1984,31.7
INA,1983,24.4
INA,1982,42.7
INA,1981,53.7
INA,1980,45.1
INA,1979,46.3
INA,1978,37.8
INA,1977,43.9
INA,1976,46.400000000000006
INA,1975,53.6
INA,1974,54.8
INA,1973,60.7
INA,1972,56.00000000000001
INA,1971,69.0
INA,1970,70.19999999999999
INA,1969,56.39999999999999
INA,1968,48.7
WAS,2022,46.9
WAS,2021,47.2
WAS,2020,34.7
WAS,2019,39.0
WAS,2018,52.400000000000006
WAS,2017,59.8
WAS,2016,50.0
WAS,2015,56.10000000000001
WAS,2014,53.7
WAS,2013,35.4
WAS,2012,30.3
WAS,2011,28.000000000000004
WAS,2010,31.7
WAS,2009,23.200000000000003
WAS,2008,52.400000000000006
WAS,2007,50.0
WAS,2006,51.2
WAS,2005,54.900000000000006
WAS,2004,30.5
WAS,2003,45.1
WAS,2002,45.1
WAS,2001,23.200000000000003
WAS,2000,35.4
WAS,1999,36.0
WAS,1998,51.2
WAS,1997,53.7
WAS,1996,47.6
WAS,1995,25.6
WAS,1994,29.3
WAS,1993,26.8
WAS,1992,30.5
WAS,1991,36.6
WAS,1990,37.8
WAS,1989,48.8
WAS,1988,46.3
WAS,1987,51.2
WAS,1986,47.6
WAS,1985,48.8
WAS,1984,42.7
WAS,1983,51.2
WAS,1982,52.400000000000006
WAS,1981,47.6
WAS,1980,47.6
WAS,1979,65.9
WAS,1978,53.7
WAS,1977,58.5
WAS,1976,58.5
WAS,1975,73.2
WAS,1974,57.3
WAS,1973,63.4
WAS,1972,46.3
WAS,1971,51.2
WAS,1970,61.0
WAS,1969,69.5
WAS,1968,43.9
WAS,1967,24.7
WAS,1966,47.5
WAS,1965,46.3
WAS,1964,38.8
WAS,1963,31.3
WAS,1962,22.5
IND,2022,36.5
IND,2021,47.2
IND,2020,61.6
IND,2019,58.5
IND,2018,58.5
IND,2017,51.2
IND,2016,54.900000000000006
IND,2015,46.3
IND,2014,68.30000000000001
IND,2013,60.5
IND,2012,63.6
IND,2011,45.1
IND,2010,39.0
IND,2009,43.9
IND,2008,43.9
IND,2007,42.7
IND,2006,50.0
IND,2005,53.7
IND,2004,74.4
IND,2003,58.5
IND,2002,51.2
IND,2001,50.0
IND,2000,68.30000000000001
IND,1999,66.0
IND,1998,70.7
IND,1997,47.6
IND,1996,63.4
IND,1995,63.4
IND,1994,57.3
IND,1993,50.0
IND,1992,48.8
IND,1991,50.0
IND,1990,51.2
IND,1989,34.1
IND,1988,46.3
IND,1987,50.0
IND,1986,31.7
IND,1985,26.8
IND,1984,31.7
IND,1983,24.4
IND,1982,42.7
IND,1981,53.7
IND,1980,45.1
IND,1979,46.3
IND,1978,37.8
IND,1977,43.9
IND,1976,46.400000000000006
IND,1975,53.6
IND,1974,54.8
IND,1973,60.7
IND,1972,56.00000000000001
IND,1971,69.0
IND,1970,70.19999999999999
IND,1969,56.39999999999999
IND,1968,48.7
ANA,1976,25.0
ANA,1975,45.2
ANA,1974,60.7
ANA,1973,65.5
ANA,1972,71.39999999999999
ANA,1971,67.9
ANA,1970,51.2
ANA,1969,42.3
ANA,1968,32.1
FLO,1972,42.9
FLO,1971,44.0
FLO,1970,27.4
FLO,1969,55.1
FLO,1968,64.1
SFW,2022,74.5
SFW,2021,54.2
SFW,2020,23.1
SFW,2019,69.5
SFW,2018,70.7
SFW,2017,81.69999999999999
SFW,2016,89.0
SFW,2015,81.69999999999999
SFW,2014,62.2
SFW,2013,57.3
SFW,2012,34.8
SFW,2011,43.9
SFW,2010,31.7
SFW,2009,35.4
SFW,2008,58.5
SFW,2007,51.2
SFW,2006,41.5
SFW,2005,41.5
SFW,2004,45.1
SFW,2003,46.3
SFW,2002,25.6
SFW,2001,20.7
SFW,2000,23.200000000000003
SFW,1999,42.0
SFW,1998,23.200000000000003
SFW,1997,36.6
SFW,1996,43.9
SFW,1995,31.7
SFW,1994,61.0
SFW,1993,41.5
SFW,1992,67.10000000000001
SFW,1991,53.7
SFW,1990,45.1
SFW,1989,52.400000000000006
SFW,1988,24.4
SFW,1987,51.2
SFW,1986,36.6
SFW,1985,26.8
SFW,1984,45.1
SFW,1983,36.6
SFW,1982,54.900000000000006
SFW,1981,47.6
SFW,1980,29.3
SFW,1979,46.3
SFW,1978,52.400000000000006
SFW,1977,56.10000000000001
SFW,1976,72.0
SFW,1975,58.5
SFW,1974,53.7
SFW,1973,57.3
SFW,1972,62.2
SFW,1971,50.0
SFW,1970,36.6
SFW,1969,50.0
SFW,1968,52.400000000000006
SFW,1967,54.3
SFW,1966,43.8
SFW,1965,21.3
SFW,1964,60.0
SFW,1963,38.8
SFW,1962,61.3
SFW,1961,58.2
SFW,1960,65.3
SFW,1959,44.4
SFW,1958,51.4
SFW,1957,51.4
SFW,1956,62.5
SFW,1955,45.8
SFW,1954,40.3
SFW,1953,17.4
SFW,1952,50.0
SFW,1951,60.6
SFW,1950,38.2
SFW,1949,46.7
SFW,1948,56.3
SFW,1947,58.3
KCK,2022,34.599999999999994
KCK,2021,43.1
KCK,2020,43.1
KCK,2019,47.6
KCK,2018,32.9
KCK,2017,39.0
KCK,2016,40.2
KCK,2015,35.4
KCK,2014,34.1
KCK,2013,34.1
KCK,2012,33.300000000000004
KCK,2011,29.3
KCK,2010,30.5
KCK,2009,20.7
KCK,2008,46.3
KCK,2007,40.2
KCK,2006,53.7
KCK,2005,61.0
KCK,2004,67.10000000000001
KCK,2003,72.0
KCK,2002,74.4
KCK,2001,67.10000000000001
KCK,2000,53.7
KCK,1999,54.0
KCK,1998,32.9
KCK,1997,41.5
KCK,1996,47.6
KCK,1995,47.6
KCK,1994,34.1
KCK,1993,30.5
KCK,1992,35.4
KCK,1991,30.5
KCK,1990,28.000000000000004
KCK,1989,32.9
KCK,1988,29.3
KCK,1987,35.4
KCK,1986,45.1
KCK,1985,37.8
KCK,1984,46.3
KCK,1983,54.900000000000006
KCK,1982,36.6
KCK,1981,48.8
KCK,1980,57.3
KCK,1979,58.5
KCK,1978,37.8
KCK,1977,48.8
KCK,1976,37.8
KCK,1975,53.7
KCK,1974,40.2
KCK,1973,43.9
KCK,1972,36.6
KCK,1971,40.2
KCK,1970,43.9
KCK,1969,50.0
KCK,1968,47.6
KCK,1967,48.1
KCK,1966,56.3
KCK,1965,60.0
KCK,1964,68.8
KCK,1963,52.5
KCK,1962,53.8
KCK,1961,41.8
KCK,1960,25.3
KCK,1959,26.4
KCK,1958,45.8
KCK,1957,43.1
KCK,1956,43.1
KCK,1955,40.3
KCK,1954,61.1
KCK,1953,62.9
KCK,1952,62.1
KCK,1951,60.3
KCK,1950,75.0
KCK,1949,75.0
NOK,2022,36.0
NOK,2021,43.1
NOK,2020,41.7
NOK,2019,40.2
NOK,2018,58.5
NOK,2017,41.5
NOK,2016,36.6
NOK,2015,54.900000000000006
NOK,2014,41.5
NOK,2013,32.9
NOK,2012,31.8
NOK,2011,56.10000000000001
NOK,2010,45.1
NOK,2009,59.8
NOK,2008,68.30000000000001
NOK,2007,47.6
NOK,2006,46.3
NOK,2005,22.0
NOK,2004,50.0
NOK,2003,57.3
NJA,2022,59.2
NJA,2021,66.7
NJA,2020,48.6
NJA,2019,51.2
NJA,2018,34.1
NJA,2017,24.4
NJA,2016,25.6
NJA,2015,46.3
NJA,2014,53.7
NJA,2013,59.8
NJA,2012,33.300000000000004
NJA,2011,29.3
NJA,2010,14.6
NJA,2009,41.5
NJA,2008,41.5
NJA,2007,50.0
NJA,2006,59.8
NJA,2005,51.2
NJA,2004,57.3
NJA,2003,59.8
NJA,2002,63.4
NJA,2001,31.7
NJA,2000,37.8
NJA,1999,32.0
NJA,1998,52.400000000000006
NJA,1997,31.7
NJA,1996,36.6
NJA,1995,36.6
NJA,1994,54.900000000000006
NJA,1993,52.400000000000006
NJA,1992,48.8
NJA,1991,31.7
NJA,1990,20.7
NJA,1989,31.7
NJA,1988,23.200000000000003
NJA,1987,29.3
NJA,1986,47.6
NJA,1985,51.2
NJA,1984,54.900000000000006
NJA,1983,59.8
NJA,1982,53.7
NJA,1981,29.3
NJA,1980,41.5
NJA,1979,45.1
NJA,1978,29.3
NJA,1977,26.8
NJA,1976,65.5
NJA,1975,69.0
NJA,1974,65.5
NJA,1973,35.7
NJA,1972,52.400000000000006
NJA,1971,47.6
NJA,1970,46.400000000000006
NJA,1969,21.8
NJA,1968,46.2
OAK,1976,18.1
OAK,1975,17.9
OAK,1974,33.300000000000004
OAK,1973,50.0
OAK,1972,53.6
OAK,1971,65.5
OAK,1970,52.400000000000006
OAK,1969,76.9
OAK,1968,28.2
DNR,2022,57.1
DNR,2021,65.3
DNR,2020,63.0
DNR,2019,65.9
DNR,2018,56.10000000000001
DNR,2017,48.8
DNR,2016,40.2
DNR,2015,36.6
DNR,2014,43.9
DNR,2013,69.5
DNR,2012,57.6
DNR,2011,61.0
DNR,2010,64.60000000000001
DNR,2009,65.9
DNR,2008,61.0
DNR,2007,54.900000000000006
DNR,2006,53.7
DNR,2005,59.8
DNR,2004,52.400000000000006
DNR,2003,20.7
DNR,2002,32.9
DNR,2001,48.8
DNR,2000,42.7
DNR,1999,28.000000000000004
DNR,1998,13.4
DNR,1997,25.6
DNR,1996,42.7
DNR,1995,50.0
DNR,1994,51.2
DNR,1993,43.9
DNR,1992,29.3
DNR,1991,24.4
DNR,1990,52.400000000000006
DNR,1989,53.7
DNR,1988,65.9
DNR,1987,45.1
DNR,1986,57.3
DNR,1985,63.4
DNR,1984,46.3
DNR,1983,54.900000000000006
DNR,1982,56.10000000000001
DNR,1981,45.1
DNR,1980,36.6
DNR,1979,57.3
DNR,1978,58.5
DNR,1977,61.0
DNR,1976,71.39999999999999
DNR,1975,77.4
DNR,1974,44.0
DNR,1973,56.00000000000001
DNR,1972,40.5
DNR,1971,35.7
DNR,1970,60.7
DNR,1969,56.39999999999999
DNR,1968,57.7
CIN,2022,34.599999999999994
CIN,2021,43.1
CIN,2020,43.1
CIN,2019,47.6
CIN,2018,32.9
CIN,2017,39.0
CIN,2016,40.2
CIN,2015,35.4
CIN,2014,34.1
CIN,2013,34.1
CIN,2012,33.300000000000004
CIN,2011,29.3
CIN,2010,30.5
CIN,2009,20.7
CIN,2008,46.3
CIN,2007,40.2
CIN,2006,53.7
CIN,2005,61.0
CIN,2004,67.10000000000001
CIN,2003,72.0
CIN,2002,74.4
CIN,2001,67.10000000000001
CIN,2000,53.7
CIN,1999,54.0
CIN,1998,32.9
CIN,1997,41.5
CIN,1996,47.6
CIN,1995,47.6
CIN,1994,34.1
CIN,1993,30.5
CIN,1992,35.4
CIN,1991,30.5
CIN,1990,28.000000000000004
CIN,1989,32.9
CIN,1988,29.3
CIN,1987,35.4
CIN,1986,45.1
CIN,1985,37.8
CIN,1984,46.3
CIN,1983,54.900000000000006
CIN,1982,36.6
CIN,1981,48.8
CIN,1980,57.3
CIN,1979,58.5
CIN,1978,37.8
CIN,1977,48.8
CIN,1976,37.8
CIN,1975,53.7
CIN,1974,40.2
CIN,1973,43.9
CIN,1972,36.6
CIN,1971,40.2
CIN,1970,43.9
CIN,1969,50.0
CIN,1968,47.6
CIN,1967,48.1
CIN,1966,56.3
CIN,1965,60.0
CIN,1964,68.8
CIN,1963,52.5
CIN,1962,53.8
CIN,1961,41.8
CIN,1960,25.3
CIN,1959,26.4
CIN,1958,45.8
CIN,1957,43.1
CIN,1956,43.1
CIN,1955,40.3
CIN,1954,61.1
CIN,1953,62.9
CIN,1952,62.1
CIN,1951,60.3
CIN,1950,75.0
CIN,1949,75.0
SDC,2022,49.1
SDC,2021,65.3
SDC,2020,68.10000000000001
SDC,2019,58.5
SDC,2018,51.2
SDC,2017,62.2
SDC,2016,64.60000000000001
SDC,2015,68.30000000000001
SDC,2014,69.5
SDC,2013,68.30000000000001
SDC,2012,60.6
SDC,2011,39.0
SDC,2010,35.4
SDC,2009,23.200000000000003
SDC,2008,28.000000000000004
SDC,2007,48.8
SDC,2006,57.3
SDC,2005,45.1
SDC,2004,34.1
SDC,2003,32.9
SDC,2002,47.6
SDC,2001,37.8
SDC,2000,18.3
SDC,1999,18.0
SDC,1998,20.7
SDC,1997,43.9
SDC,1996,35.4
SDC,1995,20.7
SDC,1994,32.9
SDC,1993,50.0
SDC,1992,54.900000000000006
SDC,1991,37.8
SDC,1990,36.6
SDC,1989,25.6
SDC,1988,20.7
SDC,1987,14.6
SDC,1986,39.0
SDC,1985,37.8
SDC,1984,36.6
SDC,1983,30.5
SDC,1982,20.7
SDC,1981,43.9
SDC,1980,42.7
SDC,1979,52.400000000000006
SDC,1978,32.9
SDC,1977,36.6
SDC,1976,56.10000000000001
SDC,1975,59.8
SDC,1974,51.2
SDC,1973,25.6
SDC,1972,26.8
SDC,1971,26.8
STL,2022,48.0
STL,2021,56.89999999999999
STL,2020,29.9
STL,2019,35.4
STL,2018,29.3
STL,2017,52.400000000000006
STL,2016,58.5
STL,2015,73.2
STL,2014,46.3
STL,2013,53.7
STL,2012,60.6
STL,2011,53.7
STL,2010,64.60000000000001
STL,2009,57.3
STL,2008,45.1
STL,2007,36.6
STL,2006,31.7
STL,2005,15.9
STL,2004,34.1
STL,2003,42.7
STL,2002,40.2
STL,2001,30.5
STL,2000,34.1
STL,1999,62.0
STL,1998,61.0
STL,1997,68.30000000000001
STL,1996,56.10000000000001
STL,1995,51.2
STL,1994,69.5
STL,1993,52.400000000000006
STL,1992,46.3
STL,1991,52.400000000000006
STL,1990,50.0
STL,1989,63.4
STL,1988,61.0
STL,1987,69.5
STL,1986,61.0
STL,1985,41.5
STL,1984,48.8
STL,1983,52.400000000000006
STL,1982,51.2
STL,1981,37.8
STL,1980,61.0
STL,1979,56.10000000000001
STL,1978,50.0
STL,1977,37.8
STL,1976,35.4
STL,1975,37.8
STL,1974,42.7
STL,1973,56.10000000000001
STL,1972,43.9
STL,1971,43.9
STL,1970,58.5
STL,1969,58.5
STL,1968,68.30000000000001
STL,1967,48.1
STL,1966,45.0
STL,1965,56.3
STL,1964,57.49999999999999
STL,1963,60.0
STL,1962,36.3
STL,1961,64.60000000000001
STL,1960,61.3
STL,1959,68.10000000000001
STL,1958,56.89999999999999
STL,1957,47.2
STL,1956,45.8
STL,1955,36.1
STL,1954,29.2
STL,1953,38.0
STL,1952,25.8
STL,1951,36.8
STL,1950,45.3
NYN,2022,59.2
NYN,2021,66.7
NYN,2020,48.6
NYN,2019,51.2
NYN,2018,34.1
NYN,2017,24.4
NYN,2016,25.6
NYN,2015,46.3
NYN,2014,53.7
NYN,2013,59.8
NYN,2012,33.300000000000004
NYN,2011,29.3
NYN,2010,14.6
NYN,2009,41.5
NYN,2008,41.5
NYN,2007,50.0
NYN,2006,59.8
NYN,2005,51.2
NYN,2004,57.3
NYN,2003,59.8
NYN,2002,63.4
NYN,2001,31.7
NYN,2000,37.8
NYN,1999,32.0
NYN,1998,52.400000000000006
NYN,1997,31.7
NYN,1996,36.6
NYN,1995,36.6
NYN,1994,54.900000000000006
NYN,1993,52.400000000000006
NYN,1992,48.8
NYN,1991,31.7
NYN,1990,20.7
NYN,1989,31.7
NYN,1988,23.200000000000003
NYN,1987,29.3
NYN,1986,47.6
NYN,1985,51.2
NYN,1984,54.900000000000006
NYN,1983,59.8
NYN,1982,53.7
NYN,1981,29.3
NYN,1980,41.5
NYN,1979,45.1
NYN,1978,29.3
NYN,1977,26.8
NYN,1976,65.5
NYN,1975,69.0
NYN,1974,65.5
NYN,1973,35.7
NYN,1972,52.400000000000006
NYN,1971,47.6
NYN,1970,46.400000000000006
NYN,1969,21.8
NYN,1968,46.2
KCO,2022,34.599999999999994
KCO,2021,43.1
KCO,2020,43.1
KCO,2019,47.6
KCO,2018,32.9
KCO,2017,39.0
KCO,2016,40.2
KCO,2015,35.4
KCO,2014,34.1
KCO,2013,34.1
KCO,2012,33.300000000000004
KCO,2011,29.3
KCO,2010,30.5
KCO,2009,20.7
KCO,2008,46.3
KCO,2007,40.2
KCO,2006,53.7
KCO,2005,61.0
KCO,2004,67.10000000000001
KCO,2003,72.0
KCO,2002,74.4
KCO,2001,67.10000000000001
KCO,2000,53.7
KCO,1999,54.0
KCO,1998,32.9
KCO,1997,41.5
KCO,1996,47.6
KCO,1995,47.6
KCO,1994,34.1
KCO,1993,30.5
KCO,1992,35.4
KCO,1991,30.5
KCO,1990,28.000000000000004
KCO,1989,32.9
KCO,1988,29.3
KCO,1987,35.4
KCO,1986,45.1
KCO,1985,37.8
KCO,1984,46.3
KCO,1983,54.900000000000006
KCO,1982,36.6
KCO,1981,48.8
KCO,1980,57.3
KCO,1979,58.5
KCO,1978,37.8
KCO,1977,48.8
KCO,1976,37.8
KCO,1975,53.7
KCO,1974,40.2
KCO,1973,43.9
KCO,1972,36.6
KCO,1971,40.2
KCO,1970,43.9
KCO,1969,50.0
KCO,1968,47.6
KCO,1967,48.1
KCO,1966,56.3
KCO,1965,60.0
KCO,1964,68.8
KCO,1963,52.5
KCO,1962,53.8
KCO,1961,41.8
KCO,1960,25.3
KCO,1959,26.4
KCO,1958,45.8
KCO,1957,43.1
KCO,1956,43.1
KCO,1955,40.3
KCO,1954,61.1
KCO,1953,62.9
KCO,1952,62.1
KCO,1951,60.3
KCO,1950,75.0
KCO,1949,75.0
MMT,1975,32.1
MMT,1974,25.0
MMT,1973,28.6
MMT,1972,31.0
MMT,1971,48.8
MMT,1970,50.0
MMT,1969,59.0
MMT,1968,61.5
NYA,2022,59.2
NYA,2021,66.7
NYA,2020,48.6
NYA,2019,51.2
NYA,2018,34.1
NYA,2017,24.4
NYA,2016,25.6
NYA,2015,46.3
NYA,2014,53.7
NYA,2013,59.8
NYA,2012,33.300000000000004
NYA,2011,29.3
NYA,2010,14.6
NYA,2009,41.5
NYA,2008,41.5
NYA,2007,50.0
NYA,2006,59.8
NYA,2005,51.2
NYA,2004,57.3
NYA,2003,59.8
NYA,2002,63.4
NYA,2001,31.7
NYA,2000,37.8
NYA,1999,32.0
NYA,1998,52.400000000000006
NYA,1997,31.7
NYA,1996,36.6
NYA,1995,36.6
NYA,1994,54.900000000000006
NYA,1993,52.400000000000006
NYA,1992,48.8
NYA,1991,31.7
NYA,1990,20.7
NYA,1989,31.7
NYA,1988,23.200000000000003
NYA,1987,29.3
NYA,1986,47.6
NYA,1985,51.2
NYA,1984,54.900000000000006
NYA,1983,59.8
NYA,1982,53.7
NYA,1981,29.3
NYA,1980,41.5
NYA,1979,45.1
NYA,1978,29.3
NYA,1977,26.8
NYA,1976,65.5
NYA,1975,69.0
NYA,1974,65.5
NYA,1973,35.7
NYA,1972,52.400000000000006
NYA,1971,47.6
NYA,1970,46.400000000000006
NYA,1969,21.8
NYA,1968,46.2
BLB,1955,0.0
BLB,1954,22.2
BLB,1953,22.9
BLB,1952,30.3
BLB,1951,36.4
BLB,1950,36.8
BLB,1949,48.3
BLB,1948,58.3
DTF,1947,33.300000000000004
PHW,2022,74.5
PHW,2021,54.2
PHW,2020,23.1
PHW,2019,69.5
PHW,2018,70.7
PHW,2017,81.69999999999999
PHW,2016,89.0
PHW,2015,81.69999999999999
PHW,2014,62.2
PHW,2013,57.3
PHW,2012,34.8
PHW,2011,43.9
PHW,2010,31.7
PHW,2009,35.4
PHW,2008,58.5
PHW,2007,51.2
PHW,2006,41.5
PHW,2005,41.5
PHW,2004,45.1
PHW,2003,46.3
PHW,2002,25.6
PHW,2001,20.7
PHW,2000,23.200000000000003
PHW,1999,42.0
PHW,1998,23.200000000000003
PHW,1997,36.6
PHW,1996,43.9
PHW,1995,31.7
PHW,1994,61.0
PHW,1993,41.5
PHW,1992,67.10000000000001
PHW,1991,53.7
PHW,1990,45.1
PHW,1989,52.400000000000006
PHW,1988,24.4
PHW,1987,51.2
PHW,1986,36.6
PHW,1985,26.8
PHW,1984,45.1
PHW,1983,36.6
PHW,1982,54.900000000000006
PHW,1981,47.6
PHW,1980,29.3
PHW,1979,46.3
PHW,1978,52.400000000000006
PHW,1977,56.10000000000001
PHW,1976,72.0
PHW,1975,58.5
PHW,1974,53.7
PHW,1973,57.3
PHW,1972,62.2
PHW,1971,50.0
PHW,1970,36.6
PHW,1969,50.0
PHW,1968,52.400000000000006
PHW,1967,54.3
PHW,1966,43.8
PHW,1965,21.3
PHW,1964,60.0
PHW,1963,38.8
PHW,1962,61.3
PHW,1961,58.2
PHW,1960,65.3
PHW,1959,44.4
PHW,1958,51.4
PHW,1957,51.4
PHW,1956,62.5
PHW,1955,45.8
PHW,1954,40.3
PHW,1953,17.4
PHW,1952,50.0
PHW,1951,60.6
PHW,1950,38.2
PHW,1949,46.7
PHW,1948,56.3
PHW,1947,58.3
FTW,2022,24.5
FTW,2021,27.800000000000004
FTW,2020,30.3
FTW,2019,50.0
FTW,2018,47.6
FTW,2017,45.1
FTW,2016,53.7
FTW,2015,39.0
FTW,2014,35.4
FTW,2013,35.4
FTW,2012,37.9
FTW,2011,36.6
FTW,2010,32.9
FTW,2009,47.6
FTW,2008,72.0
FTW,2007,64.60000000000001
FTW,2006,78.0
FTW,2005,65.9
FTW,2004,65.9
FTW,2003,61.0
FTW,2002,61.0
FTW,2001,39.0
FTW,2000,51.2
FTW,1999,57.99999999999999
FTW,1998,45.1
FTW,1997,65.9
FTW,1996,56.10000000000001
FTW,1995,34.1
FTW,1994,24.4
FTW,1993,48.8
FTW,1992,58.5
FTW,1991,61.0
FTW,1990,72.0
FTW,1989,76.8
FTW,1988,65.9
FTW,1987,63.4
FTW,1986,56.10000000000001
FTW,1985,56.10000000000001
FTW,1984,59.8
FTW,1983,45.1
FTW,1982,47.6
FTW,1981,25.6
FTW,1980,19.5
FTW,1979,36.6
FTW,1978,46.3
FTW,1977,53.7
FTW,1976,43.9
FTW,1975,48.8
FTW,1974,63.4
FTW,1973,48.8
FTW,1972,31.7
FTW,1971,54.900000000000006
FTW,1970,37.8
FTW,1969,39.0
FTW,1968,48.8
FTW,1967,37.0
FTW,1966,27.500000000000004
FTW,1965,38.8
FTW,1964,28.8
FTW,1963,42.5
FTW,1962,46.3
FTW,1961,43.0
FTW,1960,40.0
FTW,1959,38.9
FTW,1958,45.8
FTW,1957,47.2
FTW,1956,51.4
FTW,1955,59.7
FTW,1954,55.60000000000001
FTW,1953,52.2
FTW,1952,43.9
FTW,1951,47.1
FTW,1950,58.8
FTW,1949,36.7
CHS,1950,58.8
CHS,1949,63.3
CHS,1948,58.3
CHS,1947,63.9
STB,1950,38.2
STB,1949,48.3
STB,1948,60.4
STB,1947,62.3
BAL,2022,46.9
BAL,2021,47.2
BAL,2020,34.7
BAL,2019,39.0
BAL,2018,52.400000000000006
BAL,2017,59.8
BAL,2016,50.0
BAL,2015,56.10000000000001
BAL,2014,53.7
BAL,2013,35.4
BAL,2012,30.3
BAL,2011,28.000000000000004
BAL,2010,31.7
BAL,2009,23.200000000000003
BAL,2008,52.400000000000006
BAL,2007,50.0
BAL,2006,51.2
BAL,2005,54.900000000000006
BAL,2004,30.5
BAL,2003,45.1
BAL,2002,45.1
BAL,2001,23.200000000000003
BAL,2000,35.4
BAL,1999,36.0
BAL,1998,51.2
BAL,1997,53.7
BAL,1996,47.6
BAL,1995,25.6
BAL,1994,29.3
BAL,1993,26.8
BAL,1992,30.5
BAL,1991,36.6
BAL,1990,37.8
BAL,1989,48.8
BAL,1988,46.3
BAL,1987,51.2
BAL,1986,47.6
BAL,1985,48.8
BAL,1984,42.7
BAL,1983,51.2
BAL,1982,52.400000000000006
BAL,1981,47.6
BAL,1980,47.6
BAL,1979,65.9
BAL,1978,53.7
BAL,1977,58.5
BAL,1976,58.5
BAL,1975,73.2
BAL,1974,57.3
BAL,1973,63.4
BAL,1972,46.3
BAL,1971,51.2
BAL,1970,61.0
BAL,1969,69.5
BAL,1968,43.9
BAL,1967,24.7
BAL,1966,47.5
BAL,1965,46.3
BAL,1964,38.8
BAL,1963,31.3
BAL,1962,22.5
CHO,2022,54.900000000000006
CHO,2021,45.8
CHO,2020,35.4
CHO,2019,47.6
CHO,2018,43.9
CHO,2017,43.9
CHO,2016,58.5
CHO,2015,40.2
CHO,2014,52.400000000000006
CHO,2013,25.6
CHO,2012,10.6
CHO,2011,41.5
CHO,2010,53.7
CHO,2009,42.7
CHO,2008,39.0
CHO,2007,40.2
CHO,2006,31.7
CHO,2005,22.0
CHO,2002,53.7
CHO,2001,56.10000000000001
CHO,2000,59.8
CHO,1999,52.0
CHO,1998,62.2
CHO,1997,65.9
CHO,1996,50.0
CHO,1995,61.0
CHO,1994,50.0
CHO,1993,53.7
CHO,1992,37.8
CHO,1991,31.7
CHO,1990,23.200000000000003
CHO,1989,24.4
NOJ,2022,58.8
NOJ,2021,72.2
NOJ,2020,61.1
NOJ,2019,61.0
NOJ,2018,58.5
NOJ,2017,62.2
NOJ,2016,48.8
NOJ,2015,46.3
NOJ,2014,30.5
NOJ,2013,52.400000000000006
NOJ,2012,54.50000000000001
NOJ,2011,47.6
NOJ,2010,64.60000000000001
NOJ,2009,58.5
NOJ,2008,65.9
NOJ,2007,62.2
NOJ,2006,50.0
NOJ,2005,31.7
NOJ,2004,51.2
NOJ,2003,57.3
NOJ,2002,53.7
NOJ,2001,64.60000000000001
NOJ,2000,67.10000000000001
NOJ,1999,74.0
NOJ,1998,75.6
NOJ,1997,78.0
NOJ,1996,67.10000000000001
NOJ,1995,73.2
NOJ,1994,64.60000000000001
NOJ,1993,57.3
NOJ,1992,67.10000000000001
NOJ,1991,65.9
NOJ,1990,67.10000000000001
NOJ,1989,62.2
NOJ,1988,57.3
NOJ,1987,53.7
NOJ,1986,51.2
NOJ,1985,50.0
NOJ,1984,54.900000000000006
NOJ,1983,36.6
NOJ,1982,30.5
NOJ,1981,34.1
NOJ,1980,29.3
NOJ,1979,31.7
NOJ,1978,47.6
NOJ,1977,42.7
NOJ,1976,46.3
NOJ,1975,28.000000000000004
PTC,1972,29.8
PTC,1971,42.9
PTC,1970,34.5
PTC,1969,46.2
PTC,1968,69.19999999999999
SAA,2022,37.3
SAA,2021,45.8
SAA,2020,45.1
SAA,2019,58.5
SAA,2018,57.3
SAA,2017,74.4
SAA,2016,81.69999999999999
SAA,2015,67.10000000000001
SAA,2014,75.6
SAA,2013,70.7
SAA,2012,75.8
SAA,2011,74.4
SAA,2010,61.0
SAA,2009,65.9
SAA,2008,68.30000000000001
SAA,2007,70.7
SAA,2006,76.8
SAA,2005,72.0
SAA,2004,69.5
SAA,2003,73.2
SAA,2002,70.7
SAA,2001,70.7
SAA,2000,64.60000000000001
SAA,1999,74.0
SAA,1998,68.30000000000001
SAA,1997,24.4
SAA,1996,72.0
SAA,1995,75.6
SAA,1994,67.10000000000001
SAA,1993,59.8
SAA,1992,57.3
SAA,1991,67.10000000000001
SAA,1990,68.30000000000001
SAA,1989,25.6
SAA,1988,37.8
SAA,1987,34.1
SAA,1986,42.7
SAA,1985,50.0
SAA,1984,45.1
SAA,1983,64.60000000000001
SAA,1982,58.5
SAA,1981,63.4
SAA,1980,50.0
SAA,1979,58.5
SAA,1978,63.4
SAA,1977,53.7
SAA,1976,59.5
SAA,1975,60.7
SAA,1974,53.6
SAA,1973,33.300000000000004
SAA,1972,50.0
SAA,1971,35.7
SAA,1970,53.6
SAA,1969,52.6
SAA,1968,59.0
SSL,1976,41.7
SSL,1975,38.1
SSL,1974,56.00000000000001
SSL,1973,67.9
SSL,1972,41.7
SSL,1971,40.5
SSL,1970,50.0
SSL,1969,29.5
SSL,1968,37.2
INO,1953,39.4
INO,1952,51.5
INO,1951,45.6
INO,1950,60.9
VIR,1976,18.1
VIR,1975,17.9
VIR,1974,33.300000000000004
VIR,1973,50.0
VIR,1972,53.6
VIR,1971,65.5
VIR,1970,52.400000000000006
VIR,1969,76.9
VIR,1968,28.2
WSC,1951,28.6
WSC,1950,47.1
WSC,1949,63.3
WSC,1948,58.3
WSC,1947,81.69999999999999
CLR,1947,50.0
UTS,1976,25.0
UTS,1975,45.2
UTS,1974,60.7
UTS,1973,65.5
UTS,1972,71.39999999999999
UTS,1971,67.9
UTS,1970,51.2
UTS,1969,42.3
UTS,1968,32.1
WSA,1976,18.1
WSA,1975,17.9
WSA,1974,33.300000000000004
WSA,1973,50.0
WSA,1972,53.6
WSA,1971,65.5
WSA,1970,52.400000000000006
WSA,1969,76.9
WSA,1968,28.2
DLC,2022,37.3
DLC,2021,45.8
DLC,2020,45.1
DLC,2019,58.5
DLC,2018,57.3
DLC,2017,74.4
DLC,2016,81.69999999999999
DLC,2015,67.10000000000001
DLC,2014,75.6
DLC,2013,70.7
DLC,2012,75.8
DLC,2011,74.4
DLC,2010,61.0
DLC,2009,65.9
DLC,2008,68.30000000000001
DLC,2007,70.7
DLC,2006,76.8
DLC,2005,72.0
DLC,2004,69.5
DLC,2003,73.2
DLC,2002,70.7
DLC,2001,70.7
DLC,2000,64.60000000000001
DLC,1999,74.0
DLC,1998,68.30000000000001
DLC,1997,24.4
DLC,1996,72.0
DLC,1995,75.6
DLC,1994,67.10000000000001
DLC,1993,59.8
DLC,1992,57.3
DLC,1991,67.10000000000001
DLC,1990,68.30000000000001
DLC,1989,25.6
DLC,1988,37.8
DLC,1987,34.1
DLC,1986,42.7
DLC,1985,50.0
DLC,1984,45.1
DLC,1983,64.60000000000001
DLC,1982,58.5
DLC,1981,63.4
DLC,1980,50.0
DLC,1979,58.5
DLC,1978,63.4
DLC,1977,53.7
DLC,1976,59.5
DLC,1975,60.7
DLC,1974,53.6
DLC,1973,33.300000000000004
DLC,1972,50.0
DLC,1971,35.7
DLC,1970,53.6
DLC,1969,52.6
DLC,1968,59.0
MNL,2022,47.1
MNL,2021,58.3
MNL,2020,73.2
MNL,2019,45.1
MNL,2018,42.7
MNL,2017,31.7
MNL,2016,20.7
MNL,2015,25.6
MNL,2014,32.9
MNL,2013,54.900000000000006
MNL,2012,62.1
MNL,2011,69.5
MNL,2010,69.5
MNL,2009,79.3
MNL,2008,69.5
MNL,2007,51.2
MNL,2006,54.900000000000006
MNL,2005,41.5
MNL,2004,68.30000000000001
MNL,2003,61.0
MNL,2002,70.7
MNL,2001,68.30000000000001
MNL,2000,81.69999999999999
MNL,1999,62.0
MNL,1998,74.4
MNL,1997,68.30000000000001
MNL,1996,64.60000000000001
MNL,1995,58.5
MNL,1994,40.2
MNL,1993,47.6
MNL,1992,52.400000000000006
MNL,1991,70.7
MNL,1990,76.8
MNL,1989,69.5
MNL,1988,75.6
MNL,1987,79.3
MNL,1986,75.6
MNL,1985,75.6
MNL,1984,65.9
MNL,1983,70.7
MNL,1982,69.5
MNL,1981,65.9
MNL,1980,73.2
MNL,1979,57.3
MNL,1978,54.900000000000006
MNL,1977,64.60000000000001
MNL,1976,48.8
MNL,1975,36.6
MNL,1974,57.3
MNL,1973,73.2
MNL,1972,84.1
MNL,1971,58.5
MNL,1970,56.10000000000001
MNL,1969,67.10000000000001
MNL,1968,63.4
MNL,1967,44.4
MNL,1966,56.3
MNL,1965,61.3
MNL,1964,52.5
MNL,1963,66.3
MNL,1962,67.5
MNL,1961,45.6
MNL,1960,33.300000000000004
MNL,1959,45.8
MNL,1958,26.4
MNL,1957,47.2
MNL,1956,45.8
MNL,1955,55.60000000000001
MNL,1954,63.9
MNL,1953,68.60000000000001
MNL,1952,60.6
MNL,1951,64.7
MNL,1950,75.0
MNL,1949,73.3
PRO,1949,20.0
PRO,1948,12.5
PRO,1947,46.7
DNA,2022,57.1
DNA,2021,65.3
DNA,2020,63.0
DNA,2019,65.9
DNA,2018,56.10000000000001
DNA,2017,48.8
DNA,2016,40.2
DNA,2015,36.6
DNA,2014,43.9
DNA,2013,69.5
DNA,2012,57.6
DNA,2011,61.0
DNA,2010,64.60000000000001
DNA,2009,65.9
DNA,2008,61.0
DNA,2007,54.900000000000006
DNA,2006,53.7
DNA,2005,59.8
DNA,2004,52.400000000000006
DNA,2003,20.7
DNA,2002,32.9
DNA,2001,48.8
DNA,2000,42.7
DNA,1999,28.000000000000004
DNA,1998,13.4
DNA,1997,25.6
DNA,1996,42.7
DNA,1995,50.0
DNA,1994,51.2
DNA,1993,43.9
DNA,1992,29.3
DNA,1991,24.4
DNA,1990,52.400000000000006
DNA,1989,53.7
DNA,1988,65.9
DNA,1987,45.1
DNA,1986,57.3
DNA,1985,63.4
DNA,1984,46.3
DNA,1983,54.900000000000006
DNA,1982,56.10000000000001
DNA,1981,45.1
DNA,1980,36.6
DNA,1979,57.3
DNA,1978,58.5
DNA,1977,61.0
DNA,1976,71.39999999999999
DNA,1975,77.4
DNA,1974,44.0
DNA,1973,56.00000000000001
DNA,1972,40.5
DNA,1971,35.7
DNA,1970,60.7
DNA,1969,56.39999999999999
DNA,1968,57.7
TEX,2022,37.3
TEX,2021,45.8
TEX,2020,45.1
TEX,2019,58.5
TEX,2018,57.3
TEX,2017,74.4
TEX,2016,81.69999999999999
TEX,2015,67.10000000000001
TEX,2014,75.6
TEX,2013,70.7
TEX,2012,75.8
TEX,2011,74.4
TEX,2010,61.0
TEX,2009,65.9
TEX,2008,68.30000000000001
TEX,2007,70.7
TEX,2006,76.8
TEX,2005,72.0
TEX,2004,69.5
TEX,2003,73.2
TEX,2002,70.7
TEX,2001,70.7
TEX,2000,64.60000000000001
TEX,1999,74.0
TEX,1998,68.30000000000001
TEX,1997,24.4
TEX,1996,72.0
TEX,1995,75.6
TEX,1994,67.10000000000001
TEX,1993,59.8
TEX,1992,57.3
TEX,1991,67.10000000000001
TEX,1990,68.30000000000001
TEX,1989,25.6
TEX,1988,37.8
TEX,1987,34.1
TEX,1986,42.7
TEX,1985,50.0
TEX,1984,45.1
TEX,1983,64.60000000000001
TEX,1982,58.5
TEX,1981,63.4
TEX,1980,50.0
TEX,1979,58.5
TEX,1978,63.4
TEX,1977,53.7
TEX,1976,59.5
TEX,1975,60.7
TEX,1974,53.6
TEX,1973,33.300000000000004
TEX,1972,50.0
TEX,1971,35.7
TEX,1970,53.6
TEX,1969,52.6
TEX,1968,59.0
HSM,1976,41.7
HSM,1975,38.1
HSM,1974,56.00000000000001
HSM,1973,67.9
HSM,1972,41.7
HSM,1971,40.5
HSM,1970,50.0
HSM,1969,29.5
HSM,1968,37.2
MLH,2022,48.0
MLH,2021,56.89999999999999
MLH,2020,29.9
MLH,2019,35.4
MLH,2018,29.3
MLH,2017,52.400000000000006
MLH,2016,58.5
MLH,2015,73.2
MLH,2014,46.3
MLH,2013,53.7
MLH,2012,60.6
MLH,2011,53.7
MLH,2010,64.60000000000001
MLH,2009,57.3
MLH,2008,45.1
MLH,2007,36.6
MLH,2006,31.7
MLH,2005,15.9
MLH,2004,34.1
MLH,2003,42.7
MLH,2002,40.2
MLH,2001,30.5
MLH,2000,34.1
MLH,1999,62.0
MLH,1998,61.0
MLH,1997,68.30000000000001
MLH,1996,56.10000000000001
MLH,1995,51.2
MLH,1994,69.5
MLH,1993,52.400000000000006
MLH,1992,46.3
MLH,1991,52.400000000000006
MLH,1990,50.0
MLH,1989,63.4
MLH,1988,61.0
MLH,1987,69.5
MLH,1986,61.0
MLH,1985,41.5
MLH,1984,48.8
MLH,1983,52.400000000000006
MLH,1982,51.2
MLH,1981,37.8
MLH,1980,61.0
MLH,1979,56.10000000000001
MLH,1978,50.0
MLH,1977,37.8
MLH,1976,35.4
MLH,1975,37.8
MLH,1974,42.7
MLH,1973,56.10000000000001
MLH,1972,43.9
MLH,1971,43.9
MLH,1970,58.5
MLH,1969,58.5
MLH,1968,68.30000000000001
MLH,1967,48.1
MLH,1966,45.0
MLH,1965,56.3
MLH,1964,57.49999999999999
MLH,1963,60.0
MLH,1962,36.3
MLH,1961,64.60000000000001
MLH,1960,61.3
MLH,1959,68.10000000000001
MLH,1958,56.89999999999999
MLH,1957,47.2
MLH,1956,45.8
MLH,1955,36.1
MLH,1954,29.2
MLH,1953,38.0
MLH,1952,25.8
MLH,1951,36.8
MLH,1950,45.3
TRH,1947,36.7
PTP,1972,29.8
PTP,1971,42.9
PTP,1970,34.5
PTP,1969,46.2
PTP,1968,69.19999999999999
WAT,1950,30.6
CHP,2022,46.9
CHP,2021,47.2
CHP,2020,34.7
CHP,2019,39.0
CHP,2018,52.400000000000006
CHP,2017,59.8
CHP,2016,50.0
CHP,2015,56.10000000000001
CHP,2014,53.7
CHP,2013,35.4
CHP,2012,30.3
CHP,2011,28.000000000000004
CHP,2010,31.7
CHP,2009,23.200000000000003
CHP,2008,52.400000000000006
CHP,2007,50.0
CHP,2006,51.2
CHP,2005,54.900000000000006
CHP,2004,30.5
CHP,2003,45.1
CHP,2002,45.1
CHP,2001,23.200000000000003
CHP,2000,35.4
CHP,1999,36.0
CHP,1998,51.2
CHP,1997,53.7
CHP,1996,47.6
CHP,1995,25.6
CHP,1994,29.3
CHP,1993,26.8
CHP,1992,30.5
CHP,1991,36.6
CHP,1990,37.8
CHP,1989,48.8
CHP,1988,46.3
CHP,1987,51.2
CHP,1986,47.6
CHP,1985,48.8
CHP,1984,42.7
CHP,1983,51.2
CHP,1982,52.400000000000006
CHP,1981,47.6
CHP,1980,47.6
CHP,1979,65.9
CHP,1978,53.7
CHP,1977,58.5
CHP,1976,58.5
CHP,1975,73.2
CHP,1974,57.3
CHP,1973,63.4
CHP,1972,46.3
CHP,1971,51.2
CHP,1970,61.0
CHP,1969,69.5
CHP,1968,43.9
CHP,1967,24.7
CHP,1966,47.5
CHP,1965,46.3
CHP,1964,38.8
CHP,1963,31.3
CHP,1962,22.5
TRI,2022,48.0
TRI,2021,56.89999999999999
TRI,2020,29.9
TRI,2019,35.4
TRI,2018,29.3
TRI,2017,52.400000000000006
TRI,2016,58.5
TRI,2015,73.2
TRI,2014,46.3
TRI,2013,53.7
TRI,2012,60.6
TRI,2011,53.7
TRI,2010,64.60000000000001
TRI,2009,57.3
TRI,2008,45.1
TRI,2007,36.6
TRI,2006,31.7
TRI,2005,15.9
TRI,2004,34.1
TRI,2003,42.7
TRI,2002,40.2
TRI,2001,30.5
TRI,2000,34.1
TRI,1999,62.0
TRI,1998,61.0
TRI,1997,68.30000000000001
TRI,1996,56.10000000000001
TRI,1995,51.2
TRI,1994,69.5
TRI,1993,52.400000000000006
TRI,1992,46.3
TRI,1991,52.400000000000006
TRI,1990,50.0
TRI,1989,63.4
TRI,1988,61.0
TRI,1987,69.5
TRI,1986,61.0
TRI,1985,41.5
TRI,1984,48.8
TRI,1983,52.400000000000006
TRI,1982,51.2
TRI,1981,37.8
TRI,1980,61.0
TRI,1979,56.10000000000001
TRI,1978,50.0
TRI,1977,37.8
TRI,1976,35.4
TRI,1975,37.8
TRI,1974,42.7
TRI,1973,56.10000000000001
TRI,1972,43.9
TRI,1971,43.9
TRI,1970,58.5
TRI,1969,58.5
TRI,1968,68.30000000000001
TRI,1967,48.1
TRI,1966,45.0
TRI,1965,56.3
TRI,1964,57.49999999999999
TRI,1963,60.0
TRI,1962,36.3
TRI,1961,64.60000000000001
TRI,1960,61.3
TRI,1959,68.10000000000001
TRI,1958,56.89999999999999
TRI,1957,47.2
TRI,1956,45.8
TRI,1955,36.1
TRI,1954,29.2
TRI,1953,38.0
TRI,1952,25.8
TRI,1951,36.8
TRI,1950,45.3
MMF,1972,42.9
MMF,1971,44.0
MMF,1970,27.4
MMF,1969,55.1
MMF,1968,64.1
CHZ,2022,46.9
CHZ,2021,47.2
CHZ,2020,34.7
CHZ,2019,39.0
CHZ,2018,52.400000000000006
CHZ,2017,59.8
CHZ,2016,50.0
CHZ,2015,56.10000000000001
CHZ,2014,53.7
CHZ,2013,35.4
CHZ,2012,30.3
CHZ,2011,28.000000000000004
CHZ,2010,31.7
CHZ,2009,23.200000000000003
CHZ,2008,52.400000000000006
CHZ,2007,50.0
CHZ,2006,51.2
CHZ,2005,54.900000000000006
CHZ,2004,30.5
CHZ,2003,45.1
CHZ,2002,45.1
CHZ,2001,23.200000000000003
CHZ,2000,35.4
CHZ,1999,36.0
CHZ,1998,51.2
CHZ,1997,53.7
CHZ,1996,47.6
CHZ,1995,25.6
CHZ,1994,29.3
CHZ,1993,26.8
CHZ,1992,30.5
CHZ,1991,36.6
CHZ,1990,37.8
CHZ,1989,48.8
CHZ,1988,46.3
CHZ,1987,51.2
CHZ,1986,47.6
CHZ,1985,48.8
CHZ,1984,42.7
CHZ,1983,51.2
CHZ,1982,52.400000000000006
CHZ,1981,47.6
CHZ,1980,47.6
CHZ,1979,65.9
CHZ,1978,53.7
CHZ,1977,58.5
CHZ,1976,58.5
CHZ,1975,73.2
CHZ,1974,57.3
CHZ,1973,63.4
CHZ,1972,46.3
CHZ,1971,51.2
CHZ,1970,61.0
CHZ,1969,69.5
CHZ,1968,43.9
CHZ,1967,24.7
CHZ,1966,47.5
CHZ,1965,46.3
CHZ,1964,38.8
CHZ,1963,31.3
CHZ,1962,22.5
SHE,1950,35.5
NOB,1975,32.1
NOB,1974,25.0
NOB,1973,28.6
NOB,1972,31.0
NOB,1971,48.8
NOB,1970,50.0
NOB,1969,59.0
NOB,1968,61.5
INJ,1949,30.0
AND,1950,57.8
MMS,1975,32.1
MMS,1974,25.0
MMS,1973,28.6
MMS,1972,31.0
MMS,1971,48.8
MMS,1970,50.0
MMS,1969,59.0
MMS,1968,61.5
DNN,1950,17.7
CAR,1976,41.7
CAR,1975,38.1
CAR,1974,56.00000000000001
CAR,1973,67.9
CAR,1972,41.7
CAR,1971,40.5
CAR,1970,50.0
CAR,1969,29.5
CAR,1968,37.2
MNP,1972,29.8
MNP,1971,42.9
MNP,1970,34.5
MNP,1969,46.2
MNP,1968,69.19999999999999
ROC,2022,34.599999999999994
ROC,2021,43.1
ROC,2020,43.1
ROC,2019,47.6
ROC,2018,32.9
ROC,2017,39.0
ROC,2016,40.2
ROC,2015,35.4
ROC,2014,34.1
ROC,2013,34.1
ROC,2012,33.300000000000004
ROC,2011,29.3
ROC,2010,30.5
ROC,2009,20.7
ROC,2008,46.3
ROC,2007,40.2
ROC,2006,53.7
ROC,2005,61.0
ROC,2004,67.10000000000001
ROC,2003,72.0
ROC,2002,74.4
ROC,2001,67.10000000000001
ROC,2000,53.7
ROC,1999,54.0
ROC,1998,32.9
ROC,1997,41.5
ROC,1996,47.6
ROC,1995,47.6
ROC,1994,34.1
ROC,1993,30.5
ROC,1992,35.4
ROC,1991,30.5
ROC,1990,28.000000000000004
ROC,1989,32.9
ROC,1988,29.3
ROC,1987,35.4
ROC,1986,45.1
ROC,1985,37.8
ROC,1984,46.3
ROC,1983,54.900000000000006
ROC,1982,36.6
ROC,1981,48.8
ROC,1980,57.3
ROC,1979,58.5
ROC,1978,37.8
ROC,1977,48.8
ROC,1976,37.8
ROC,1975,53.7
ROC,1974,40.2
ROC,1973,43.9
ROC,1972,36.6
ROC,1971,40.2
ROC,1970,43.9
ROC,1969,50.0
ROC,1968,47.6
ROC,1967,48.1
ROC,1966,56.3
ROC,1965,60.0
ROC,1964,68.8
ROC,1963,52.5
ROC,1962,53.8
ROC,1961,41.8
ROC,1960,25.3
ROC,1959,26.4
ROC,1958,45.8
ROC,1957,43.1
ROC,1956,43.1
ROC,1955,40.3
ROC,1954,61.1
ROC,1953,62.9
ROC,1952,62.1
ROC,1951,60.3
ROC,1950,75.0
ROC,1949,75.0
LAS,1976,25.0
LAS,1975,45.2
LAS,1974,60.7
LAS,1973,65.5
LAS,1972,71.39999999999999
LAS,1971,67.9
LAS,1970,51.2
LAS,1969,42.3
LAS,1968,32.1
SDS,1976,27.3
SDS,1975,36.9
SDS,1974,44.0
SDS,1973,35.7
CAP,2022,46.9
CAP,2021,47.2
CAP,2020,34.7
CAP,2019,39.0
CAP,2018,52.400000000000006
CAP,2017,59.8
CAP,2016,50.0
CAP,2015,56.10000000000001
CAP,2014,53.7
CAP,2013,35.4
CAP,2012,30.3
CAP,2011,28.000000000000004
CAP,2010,31.7
CAP,2009,23.200000000000003
CAP,2008,52.400000000000006
CAP,2007,50.0
CAP,2006,51.2
CAP,2005,54.900000000000006
CAP,2004,30.5
CAP,2003,45.1
CAP,2002,45.1
CAP,2001,23.200000000000003
CAP,2000,35.4
CAP,1999,36.0
CAP,1998,51.2
CAP,1997,53.7
CAP,1996,47.6
CAP,1995,25.6
CAP,1994,29.3
CAP,1993,26.8
CAP,1992,30.5
CAP,1991,36.6
CAP,1990,37.8
CAP,1989,48.8
CAP,1988,46.3
CAP,1987,51.2
CAP,1986,47.6
CAP,1985,48.8
CAP,1984,42.7
CAP,1983,51.2
CAP,1982,52.400000000000006
CAP,1981,47.6
CAP,1980,47.6
CAP,1979,65.9
CAP,1978,53.7
CAP,1977,58.5
CAP,1976,58.5
CAP,1975,73.2
CAP,1974,57.3
CAP,1973,63.4
CAP,1972,46.3
CAP,1971,51.2
CAP,1970,61.0
CAP,1969,69.5
CAP,1968,43.9
CAP,1967,24.7
CAP,1966,47.5
CAP,1965,46.3
CAP,1964,38.8
CAP,1963,31.3
CAP,1962,22.5
MNM,1972,42.9
MNM,1971,44.0
MNM,1970,27.4
MNM,1969,55.1
MNM,1968,64.1
MMP,1975,32.1
MMP,1974,25.0
MMP,1973,28.6
MMP,1972,31.0
MMP,1971,48.8
MMP,1970,50.0
MMP,1969,59.0
MMP,1968,61.5
